time,ax (m/s^2),ay (m/s^2),az (m/s^2),aT (m/s^2)
0.002778,-0.4094,0.2878,0.9589,1.082
0.005494,-0.1827,-0.0615,0.8769,0.898
0.015007,-0.5567,0.0906,0.6886,0.890
0.028370,-0.7733,0.1772,0.2354,0.828
0.035136,-0.6881,0.1129,-0.5316,0.877
0.046375,-0.6323,0.2377,-1.1404,1.325
0.055150,-0.5735,0.4811,-1.5554,1.726
0.070241,-0.3958,0.6051,-1.6955,1.843
0.076121,-0.1860,0.6300,-1.6184,1.747
0.086700,-0.0757,0.6293,-1.4012,1.538
0.095552,-0.1552,0.5861,-1.0959,1.252
0.106149,-0.3525,0.5691,-0.8455,1.078
0.114900,-0.5276,0.5101,-0.6471,0.978
0.126128,-0.6171,0.4107,-0.6348,0.976
0.135392,-0.6619,0.2603,-0.7915,1.064
0.146311,-0.8206,0.2103,-1.0246,1.329
0.155650,-1.0849,0.1810,-1.2117,1.636
0.166699,-1.2323,0.1380,-1.2092,1.732
0.186644,-1.1293,0.0602,-1.1861,1.639
0.187247,-0.8084,-0.0424,-1.1568,1.412
0.195916,-0.4556,-0.0949,-1.0672,1.164
0.205980,-0.1106,-0.1918,-1.0121,1.036
0.215350,0.2236,-0.3147,-1.1546,1.217
0.226480,0.5040,-0.3523,-1.3791,1.510
0.235936,0.5471,-0.3627,-1.7582,1.877
0.247451,0.5445,-0.3768,-1.9064,2.018
0.255733,0.4504,-0.3608,-2.3357,2.406
0.266631,0.5349,-0.4306,-1.7335,1.865
0.275270,1.3707,-1.2496,0.0155,1.855
0.290919,1.9188,-1.7025,-0.3608,2.590
0.294605,1.3902,-1.5917,-0.9603,2.321
0.306037,0.5598,-1.2783,-0.7873,1.602
0.315069,-0.5266,-0.5586,-1.2248,1.446
0.326592,-1.1133,-0.0678,-2.5633,2.795
0.335247,-1.2721,0.0607,-2.6187,2.912
0.346168,-1.3678,0.1062,-0.4182,1.434
0.355622,-1.5097,0.2162,2.9045,3.281
0.366399,-1.2173,0.3489,6.6973,6.816
0.375390,0.3157,0.4145,9.5522,9.566
0.387231,1.7104,0.3822,5.2261,5.512
0.394678,2.6291,0.2846,0.6380,2.720
0.406246,2.9081,0.2276,-1.1152,3.123
0.415423,2.1690,-0.0932,-2.1061,3.025
0.426463,0.8417,-0.3439,-1.1673,1.480
0.434599,-0.1208,-0.6098,0.6785,0.920
0.448333,0.0681,-0.9200,3.1062,3.240
0.455314,0.5683,-1.8855,5.0527,5.423
0.466479,-0.4310,-3.4397,9.1388,9.774
0.475682,-4.1482,-8.5028,9.5084,13.413
0.487774,-5.0289,-11.0463,7.7296,14.389
0.495605,-6.8058,-5.3815,7.9379,11.760
0.506523,-7.4053,0.1998,7.4274,10.490
0.515993,-4.9311,0.0837,6.3693,8.055
0.526899,-3.3805,0.1682,4.6113,5.720
0.534377,-2.6242,1.8618,1.2421,3.449
0.545593,-1.1112,0.7540,-3.2713,3.536
0.555758,-0.4826,0.1749,-3.9231,3.957
0.566144,-0.0471,1.0053,-2.1761,2.398
0.574865,-0.5965,1.8479,-1.6661,2.559
0.587445,-1.1559,1.7380,-1.8883,2.815
0.594409,-2.3158,1.6008,-2.6432,3.862
0.606842,-2.5019,1.9167,-0.4062,3.178
0.615820,-1.2815,1.1891,2.1373,2.761
0.627882,1.7847,0.1066,2.1797,2.819
0.634254,4.1733,-0.0211,0.2495,4.181
0.646866,5.0726,-0.0489,-2.1721,5.518
0.655571,4.7393,-0.6810,-4.6258,6.658
0.666346,4.0627,-1.2213,-6.5824,7.831
0.675198,2.7261,-1.2275,-7.5051,8.079
0.687225,1.2818,-1.1900,-7.5112,7.712
0.695559,0.8358,-1.3650,-6.0692,6.277
0.705816,1.4682,-1.3177,-4.3200,4.749
0.715512,2.6182,-1.3326,-3.1493,4.307
0.725254,3.0510,-1.6522,-1.5835,3.814
0.734616,3.0451,-1.1314,4.6588,5.680
0.745427,2.7358,-1.1514,6.7931,7.413
0.755225,1.4925,-2.7960,-1.8489,3.669
0.765688,0.4062,-2.8440,-6.6018,7.200
0.775118,0.8199,-2.2484,-6.8084,7.217
0.787756,2.6704,-1.8736,-4.8402,5.837
0.796228,4.3109,-2.1647,-4.3684,6.508
0.805119,5.4420,-2.9016,-6.0698,8.653
0.814078,6.0907,-3.7699,-8.5571,11.159
0.825051,3.4155,-1.1551,-22.6287,22.914
0.834062,-2.1167,1.8496,-31.8912,32.015
0.845411,-3.0993,1.0847,-12.0577,12.497
0.854668,-1.7790,1.4887,-0.2186,2.330
0.865865,-0.0505,1.0622,6.4492,6.536
0.874884,0.6697,-0.1104,6.2426,6.279
0.885272,0.0339,0.4744,2.8168,2.857
0.898251,-0.8808,2.3331,-1.4141,2.867
0.904501,-0.2561,3.3040,-4.1249,5.291
0.913756,1.5357,2.7485,-2.7015,4.149
0.925071,1.9771,2.0972,0.8536,3.006
0.933580,1.2635,1.4666,2.3358,3.034
0.945050,0.3697,1.0275,1.4732,1.834
0.954397,-0.7366,0.8679,0.3920,1.204
0.964837,-1.1406,0.4066,0.4113,1.279
0.974799,-1.1175,0.0018,1.1035,1.571
0.985558,-1.5929,-0.0760,1.6464,2.292
0.997467,-1.6897,-0.0428,1.7177,2.410
1.005147,-1.4040,0.0628,1.7513,2.245
1.013796,-1.0688,0.3416,1.9690,2.266
1.024722,-0.4862,0.4970,1.9872,2.105
1.033858,-0.1085,0.6351,1.3247,1.473
1.045447,-0.2834,0.8881,0.6337,1.127
1.054611,-0.5568,0.9230,0.5400,1.206
1.065899,-0.7544,0.8615,0.2278,1.168
1.074913,-0.6212,0.7803,0.1882,1.015
1.085183,-0.2769,0.6841,0.3622,0.822
1.102057,0.0002,0.4553,0.3073,0.549
1.105335,0.2586,0.0602,0.3213,0.417
1.113052,0.3230,-0.2139,0.4327,0.581
1.130125,0.1002,-0.4649,0.4927,0.685
1.133133,-0.0676,-0.7241,0.4490,0.855
1.144660,-0.1079,-0.9076,0.2975,0.961
1.153283,0.1271,-1.4152,0.3650,1.467
1.165137,0.0663,-1.6450,-0.0280,1.647
1.174963,0.0493,-2.0159,-0.3641,2.049
1.185512,-0.0503,-2.2765,-0.4666,2.324
1.195040,-0.3278,-2.5249,-0.3706,2.573
1.204139,-0.6014,-2.6128,-0.2124,2.690
1.215357,-0.5348,-2.1812,0.0962,2.248
1.224390,0.1522,-2.0525,0.0197,2.058
1.232990,1.0259,-1.9342,-0.3202,2.213
1.244615,1.4968,-2.1898,-0.5869,2.717
1.253021,1.3343,-2.5025,-0.7042,2.922
1.264583,1.2301,-2.6804,-0.8118,3.059
1.273081,1.0181,-2.6827,-0.6931,2.952
1.285176,0.5064,-2.6122,-0.6215,2.732
1.292843,0.3688,-2.7374,-0.8916,2.902
1.304538,0.2750,-2.7091,-0.8968,2.867
1.314038,0.1863,-2.5660,-1.0712,2.787
1.325083,0.1559,-2.4521,-1.1409,2.709
1.332628,0.0787,-2.1971,-1.0463,2.435
1.345976,-0.1027,-1.7984,-1.0725,2.096
1.357947,-0.3698,-1.6604,-0.9056,1.927
1.364037,-0.3154,-0.6905,-0.9814,1.241
1.372634,-0.4944,0.1983,-1.3945,1.493
1.384145,-0.4702,-0.2162,-1.8049,1.878
1.392406,-0.7130,-0.1247,-1.9357,2.067
1.404249,-1.0936,0.4112,-2.4168,2.684
1.413200,-1.1022,0.6195,-2.4458,2.753
1.431940,-1.2040,0.8684,-2.4555,2.869
1.433563,-1.2474,1.1935,-2.3010,2.877
1.446266,-1.2905,1.5042,-2.0869,2.878
1.454117,-1.3270,1.7262,-1.9692,2.936
1.464371,-1.3116,1.8499,-1.6886,2.827
1.473524,-1.3260,2.0502,-1.7037,2.977
1.484461,-1.3138,2.2578,-2.0520,3.322
1.499171,-1.2945,2.5039,-2.5752,3.818
1.507076,-1.1505,2.8966,-2.7101,4.130
1.513789,-0.8328,3.3543,-2.5899,4.319
1.524410,-0.0781,3.5272,-2.2269,4.172
1.532783,0.8090,3.5924,-2.0608,4.220
1.558746,1.4000,3.6866,-1.5105,4.223
1.558948,1.7486,3.7187,-0.7299,4.174
1.568231,1.5971,3.6913,-0.1214,4.024
1.574174,0.9175,3.4033,1.2449,3.738
1.584424,-0.1342,3.1114,1.7984,3.596
1.592547,-0.6848,2.8269,1.8547,3.450
1.604006,-0.5397,2.2162,2.2697,3.218
1.612934,-0.4860,1.6552,2.1318,2.742
1.624317,-0.5153,1.2516,1.3951,1.944
1.633540,-0.1024,0.8878,1.0827,1.404
1.644902,0.5879,0.7606,1.1030,1.463
1.652154,1.3284,0.8034,1.4614,2.132
1.665779,1.7002,1.1409,1.7763,2.711
1.672905,1.8107,1.5982,1.7902,3.006
1.685064,1.7305,1.9427,1.8312,3.182
1.693485,1.3536,1.9398,1.8661,3.013
1.704566,0.8803,1.4389,1.7144,2.405
1.713406,0.5755,0.6605,1.1301,1.430
1.725624,0.5439,-0.2948,0.4704,0.777
1.732076,0.6552,-1.2544,0.2557,1.438
1.745667,0.7541,-2.0055,0.1616,2.149
1.752704,0.7763,-2.5481,0.2654,2.677
1.766520,0.7009,-3.0167,0.4567,3.131
1.773233,0.5875,-3.4113,0.6773,3.527
1.785199,0.5650,-3.8686,0.9075,4.014
1.792347,0.5598,-4.3429,0.7703,4.446
1.805530,0.3160,-4.6283,0.3282,4.651
1.812615,0.1439,-4.9377,0.2760,4.948
1.826015,-0.0238,-5.0246,0.0214,5.025
1.832676,-0.2329,-4.9201,-0.2046,4.930
1.845652,-0.4021,-4.5235,-0.3312,4.553
1.853147,-0.3635,-3.8251,-0.5255,3.878
1.867028,-0.0933,-3.0501,-0.5843,3.107
1.871894,0.1321,-2.3159,-0.6274,2.403
1.886003,0.1247,-1.5694,-0.5917,1.682
1.892923,0.1240,-0.9017,-0.4638,1.022
1.904937,0.2464,-0.2841,-0.5771,0.689
1.913700,0.4579,0.1564,-0.6768,0.832
1.925679,0.7262,0.3147,-0.7891,1.118
1.934066,1.0636,0.0996,-0.9552,1.433
1.943533,1.2374,-0.2828,-1.1252,1.696
1.952358,1.1121,-0.6340,-1.0268,1.641
1.962661,0.8487,-0.8318,-0.6788,1.369
1.972653,0.4168,-0.7663,-0.5453,1.029
1.984170,0.0240,-0.5358,-0.4394,0.693
1.992387,-0.0514,-0.1929,-0.5539,0.589
2.002870,0.0856,0.1739,-1.1044,1.121
2.013842,0.1632,0.6079,-1.3682,1.506
2.023815,0.1385,1.1860,-1.4474,1.876
2.034772,0.1205,1.8195,-1.4779,2.347
2.043762,0.1206,2.3835,-1.5321,2.836
2.051892,0.1541,2.8587,-1.5401,3.251
2.063131,0.2908,3.1873,-1.4786,3.526
2.072993,0.8085,3.0457,-1.3334,3.422
2.085819,1.2033,2.7576,-1.1666,3.227
2.092054,1.3433,2.7095,-0.9801,3.179
2.103840,1.3302,2.8898,-1.1363,3.378
2.111904,0.9445,3.3155,-1.2309,3.661
2.122476,-0.0179,3.7377,-0.6367,3.792
2.132175,-1.3160,4.0128,0.0244,4.223
2.143094,-2.2992,3.8046,0.4897,4.472
2.151436,-2.3295,3.1623,1.2575,4.124
2.163844,-1.8469,2.5020,1.7414,3.564
2.172809,-1.3776,1.8812,1.5036,2.774
2.183444,-1.1526,1.1681,0.8759,1.860
2.191364,-1.1269,0.1851,0.9446,1.482
2.202412,-1.2666,-0.6315,0.9417,1.700
2.211652,-1.3903,-1.0131,0.6019,1.823
2.222895,-1.4234,-0.9501,0.6550,1.832
2.231488,-1.3046,-0.6125,0.7060,1.605
2.242819,-1.3317,-0.0577,0.2037,1.348
2.251368,-1.2249,0.5231,0.0055,1.332
2.262748,-0.7970,1.0270,0.4000,1.360
2.271860,-0.0298,1.2726,0.6199,1.416
2.285820,0.8173,0.9993,0.9670,1.613
2.291070,1.1690,0.4323,0.8274,1.496
2.302514,1.2124,-0.6583,0.6006,1.505
2.312162,1.0755,-1.7651,0.2512,2.082
2.322150,0.7622,-3.0604,0.0481,3.154
2.331851,0.2597,-4.1852,0.0309,4.193
2.342838,-0.3392,-4.9983,0.0230,5.010
2.351221,-0.9944,-5.4424,0.0351,5.533
2.362883,-1.5947,-5.4603,0.1169,5.690
2.372635,-1.8514,-5.2342,0.2098,5.556
2.385782,-1.6295,-4.8313,0.2172,5.103
2.391321,-1.2207,-4.3545,0.1795,4.526
2.402570,-0.7156,-3.8971,0.0628,3.963
2.412207,-0.3772,-3.4327,-0.0203,3.453
2.422532,-0.1657,-3.0185,-0.1482,3.027
2.432209,-0.0370,-2.6139,-0.5044,2.662
2.442661,-0.2009,-2.2283,-0.7408,2.357
2.450995,-0.4111,-1.9240,-0.7891,2.120
2.462509,-0.6006,-1.5331,-0.8067,1.834
2.472002,-0.7581,-1.0388,-0.9672,1.609
2.485817,-0.7703,-0.4508,-1.2516,1.537
2.490828,-0.8309,0.1831,-1.3775,1.619
2.502531,-0.7878,0.7334,-1.0907,1.532
2.511088,-0.6485,1.2455,-0.8385,1.635
2.521777,-0.5412,1.6140,-0.8022,1.882
2.534358,-0.5518,1.6736,-0.4663,1.823
2.542584,-0.6532,1.6831,-0.4903,1.871
2.551756,-0.7707,1.7861,-0.8280,2.114
2.562324,-0.8810,1.9014,-1.0942,2.364
2.572299,-0.9474,2.1438,-1.3889,2.724
2.585805,-0.8253,2.4368,-1.5095,2.983
2.590939,-0.5015,2.5838,-1.3375,2.952
2.603016,-0.4671,2.8053,-0.9076,2.985
2.611622,-0.7093,2.9576,-0.5656,3.094
2.622493,-0.8931,2.8178,-0.6253,3.021
2.631754,-0.8476,2.6091,-0.6563,2.821
2.643061,-0.4865,2.7243,-0.6072,2.833
2.650629,0.1315,3.3220,-0.6489,3.387
2.662385,0.6533,4.0450,-0.4664,4.124
2.671845,1.0680,4.4714,0.2584,4.604
2.686154,0.9572,4.4502,0.8755,4.635
2.690653,0.5853,3.9211,1.1333,4.123
2.702599,0.5363,2.9053,1.6555,3.387
2.711286,0.6857,1.7618,2.3208,2.993
2.722420,0.9334,0.7923,2.3303,2.632
2.730493,1.1346,0.0902,1.6393,1.996
2.742003,1.3430,-0.6492,1.4672,2.092
2.750563,1.4821,-1.0424,1.5759,2.401
2.763091,1.4199,-0.6674,1.3921,2.097
2.771859,1.2366,-0.0557,1.2577,1.765
2.786171,0.8397,0.5603,1.2419,1.600
2.790655,0.4596,1.3196,1.2273,1.860
2.803686,0.3095,1.8246,1.1519,2.180
2.811342,0.4564,1.7113,1.0355,2.052
2.821615,0.6894,1.0447,0.9600,1.577
2.833133,0.9171,0.0862,0.8312,1.241
2.841927,1.1381,-0.9674,0.6243,1.619
2.853004,1.2190,-1.9701,0.5456,2.380
2.861849,1.0659,-2.7661,0.5142,3.009
2.870461,0.7934,-3.3388,0.4551,3.462
2.881427,0.5077,-3.7888,0.4088,3.844
2.894122,0.1795,-4.0325,0.3984,4.056
2.905376,-0.0160,-4.2497,0.2779,4.259
2.910109,-0.2377,-4.3685,0.0584,4.375
2.920806,-0.4296,-4.3795,-0.0295,4.401
2.930992,-0.5626,-4.2083,-0.2240,4.252
2.942042,-0.5360,-3.8142,-0.5022,3.884
2.951412,-0.2506,-3.3076,-0.5053,3.355
2.962283,-0.0100,-2.6502,-0.4381,2.686
2.970729,0.1329,-2.0049,-0.6944,2.126
2.981389,0.2072,-1.4243,-0.7576,1.626
2.990106,0.3076,-0.9083,-0.5370,1.099
3.004406,0.4419,-0.3612,-0.8063,0.988
3.010224,0.8024,-0.1496,-0.7969,1.141
3.020625,1.0042,-0.1034,-0.7624,1.265
3.030876,0.9067,-0.0884,-0.9102,1.288
3.041477,0.8030,-0.2028,-0.9713,1.276
3.050092,0.9271,-0.4203,-1.0040,1.430
3.061703,1.1007,-0.4534,-1.0279,1.573
3.070409,1.2635,-0.4002,-0.9144,1.610
3.086342,1.1842,-0.1936,-0.8574,1.475
3.089697,0.9394,0.0947,-0.9465,1.337
3.106441,0.6470,0.3354,-0.9896,1.229
3.109840,0.4217,0.5526,-0.9589,1.184
3.120420,0.3746,0.7103,-1.0246,1.302
3.131425,0.3307,0.6648,-1.1533,1.372
3.140589,0.2856,0.4759,-1.1714,1.296
3.150330,0.4326,0.1248,-0.9947,1.092
3.160537,0.5481,-0.0196,-0.5668,0.789
3.169393,0.4775,0.4146,-0.0615,0.635
3.180793,0.3219,1.5710,-0.2312,1.620
3.193636,0.0392,2.9578,-0.8083,3.067
3.202680,-0.4968,4.2241,-0.8421,4.336
3.209889,-1.4459,5.0625,-0.2797,5.272
3.221717,-2.0078,5.1289,1.0157,5.601
3.230768,-2.1432,4.7639,1.5598,5.452
3.241080,-1.6548,4.4029,2.1004,5.151
3.250131,-0.7101,3.9115,1.5116,4.253
3.261217,-0.2069,3.5434,0.8731,3.655
3.269720,0.2165,3.0133,0.7831,3.121
3.281076,0.0907,2.7838,0.6165,2.853
3.289457,-0.2122,2.6180,0.7369,2.728
3.308300,-0.5237,2.4301,1.1709,2.748
3.308832,-0.7051,2.3640,1.2670,2.773
3.319584,-0.6456,2.1920,1.1280,2.548
3.329807,-0.4165,1.6963,1.1126,2.071
3.339563,-0.2352,0.9535,1.0177,1.414
3.349511,-0.0589,0.0095,0.7219,0.724
3.359996,0.0753,-0.9416,0.6070,1.123
3.369429,0.2794,-1.8997,0.6749,2.035
3.380480,0.5485,-2.8120,0.6140,2.930
3.389586,0.6925,-3.5611,0.5693,3.672
3.403788,0.6763,-4.1899,0.5791,4.283
3.409109,0.3791,-4.5932,0.5734,4.644
3.420004,-0.0833,-4.6679,0.6306,4.711
3.430047,-0.2887,-4.7064,0.6157,4.755
3.439836,-0.5740,-4.5674,0.4691,4.627
3.450214,-0.8055,-4.3159,0.4083,4.409
3.460593,-0.8181,-4.0646,0.3271,4.159
3.469719,-0.9421,-3.6960,0.1946,3.819
3.481245,-1.1080,-3.2747,0.0862,3.458
3.489477,-1.0513,-2.8702,0.0101,3.057
3.505322,-0.9009,-2.3409,-0.0539,2.509
3.509354,-0.6939,-1.8091,-0.0884,1.940
3.520120,-0.4569,-1.2963,-0.1503,1.383
3.529556,-0.2215,-0.9653,-0.1101,0.996
3.540241,-0.1865,-0.7370,-0.1225,0.770
3.550072,-0.2956,-0.5156,-0.1893,0.624
3.560503,-0.3987,-0.3827,-0.3013,0.629
3.568932,-0.5069,-0.2759,-0.3896,0.696
3.580951,-0.6452,-0.1545,-0.4347,0.793
3.589294,-0.6642,-0.0378,-0.4028,0.778
3.603434,-0.6066,0.0216,-0.2718,0.665
3.608705,-0.5040,0.0645,-0.2182,0.553
3.619780,-0.3288,0.0047,-0.2559,0.417
3.630016,-0.3010,-0.1076,-0.3730,0.491
3.639855,-0.2953,-0.2532,-0.6586,0.765
3.650912,-0.3649,-0.3650,-0.8330,0.980
3.660293,-0.5681,-0.2850,-0.9634,1.154
3.668770,-0.7382,0.0180,-0.7929,1.083
3.681778,-0.8191,0.4795,-0.2593,0.984
3.688800,-1.0843,0.9891,-0.0098,1.468
3.705312,-1.4382,1.3890,-0.1846,2.008
3.709292,-1.4799,1.6337,-0.3171,2.227
3.720502,-1.0308,1.9344,-0.2231,2.203
3.729428,-0.1984,2.5810,-0.1899,2.596
3.740058,0.7173,3.6580,-0.3891,3.748
3.749406,1.5012,4.9303,-0.7975,5.215
3.759942,2.0193,5.7795,-0.3017,6.130
3.770921,1.7598,6.0731,1.1871,6.433
3.780014,0.6576,5.6770,1.6672,5.953
3.790015,0.1410,4.8930,1.6931,5.180
3.800008,0.4383,3.8686,1.8085,4.293
3.808809,0.6657,2.8404,1.6143,3.334
3.820638,0.9471,1.6426,1.2450,2.268
3.829552,1.3018,0.4905,1.3636,1.948
3.839856,1.3422,-0.0958,1.2888,1.863
3.849450,1.2155,-0.2477,1.2625,1.770
3.860115,1.1922,-0.2595,1.3373,1.810
3.868733,1.0952,-0.1404,1.3671,1.757
3.880050,1.0338,0.0333,1.2989,1.660
3.888778,0.9318,0.1468,1.1391,1.479
3.907151,0.7919,0.0206,0.9703,1.253
3.908293,0.6425,-0.2324,0.9287,1.153
3.919081,0.6596,-0.7796,0.9851,1.419
3.928689,0.8405,-1.5323,0.9719,2.000
3.939910,0.9566,-2.2676,0.8635,2.608
3.949334,0.8088,-2.9184,0.7521,3.120
3.960198,0.5614,-3.4491,0.7176,3.567
3.968519,0.2946,-3.8909,0.6317,3.953
3.980320,-0.1195,-4.1767,0.5488,4.214
3.989576,-0.5017,-4.1175,0.4635,4.174
4.010940,-0.5671,-3.7638,0.5085,3.840
4.011605,-0.3335,-3.2976,0.3500,3.333
4.019192,-0.1433,-2.7887,0.1790,2.798
4.028960,-0.0485,-2.2943,0.1035,2.297
4.039646,0.0246,-1.8263,0.0840,1.828
4.048924,0.1594,-1.3320,0.0087,1.342
4.059011,0.4279,-0.8998,-0.0589,0.998
4.068507,0.6678,-0.4603,-0.3750,0.894
4.079662,0.9015,-0.2290,-0.5180,1.065
4.088260,1.0574,-0.1197,-0.5834,1.214
4.099413,1.1129,0.1217,-0.9005,1.437
4.108322,1.2720,0.1909,-0.9899,1.623
4.125129,1.3993,0.1693,-0.8358,1.639
4.129170,1.3984,0.1720,-0.8055,1.623
4.138185,1.3651,0.2061,-0.8221,1.607
4.149571,1.2427,0.2836,-0.8513,1.533
4.160385,1.0133,0.1983,-0.8493,1.337
4.168174,0.7943,-0.0330,-0.7523,1.094
4.179753,0.7099,-0.3026,-0.6793,1.028
4.188372,0.7240,-0.4929,-0.8258,1.204
4.199052,0.7691,-0.5896,-1.0700,1.444
4.207981,0.8168,-0.4994,-1.1755,1.516
4.218956,0.8016,-0.2318,-1.2053,1.466
4.228276,0.7425,0.0959,-1.0405,1.282
4.238897,0.6239,0.4622,-0.8398,1.144
4.248296,0.5265,0.7591,-0.8428,1.251
4.258829,0.5020,0.8910,-1.0391,1.458
4.268947,0.4914,0.9488,-1.2407,1.637
4.279479,0.6853,0.7530,-1.1174,1.512
4.288275,0.8101,0.6033,-0.8064,1.292
4.299256,0.6396,0.8308,-0.7233,1.274
4.309681,0.4880,1.5506,-0.9560,1.886
4.325328,0.1778,2.3644,-1.1855,2.651
4.327518,-0.5864,3.0826,-0.8875,3.261
4.339485,-1.4152,3.6211,-0.2035,3.893
4.348341,-1.9344,4.0132,0.3325,4.467
4.358529,-2.0201,4.1792,0.8248,4.715
4.369660,-1.7384,3.9245,1.0947,4.430
4.378968,-1.4779,3.3329,0.9224,3.761
4.388053,-1.2956,2.6539,0.7054,3.036
4.399545,-1.1059,1.9525,0.6578,2.338
4.413811,-0.7417,1.3006,0.6842,1.646
4.423394,-0.4105,0.7579,0.6811,1.099
4.428209,-0.2877,0.3101,0.8139,0.917
4.437869,-0.3109,0.0244,0.9858,1.034
4.448087,-0.3484,-0.0868,0.9305,0.997
4.458332,-0.3811,-0.1431,0.7897,0.888
4.469085,-0.4968,-0.2384,0.7672,0.945
4.478400,-0.5475,-0.4782,0.9640,1.207
4.487525,-0.4415,-0.8528,0.8077,1.255
4.499451,-0.2899,-1.3932,0.6371,1.559
4.507654,-0.1424,-2.0202,0.6625,2.131
4.525227,-0.0403,-2.5486,0.7531,2.658
4.527881,-0.0034,-2.8297,0.7230,2.921
4.539353,0.0678,-3.0094,0.7102,3.093
4.548244,0.0416,-3.0853,0.7265,3.170
4.558751,-0.1130,-3.0503,0.7325,3.139
4.569874,-0.2930,-3.0173,0.6358,3.097
4.579278,-0.5185,-2.8929,0.4324,2.971
4.587861,-0.6785,-2.7397,0.3190,2.840
4.598825,-0.8184,-2.5434,0.2805,2.687
4.607733,-0.8978,-2.3425,0.2954,2.526
4.624883,-0.8845,-2.1607,0.2227,2.345
4.627659,-0.9565,-1.8760,-0.0528,2.106
4.639211,-0.9962,-1.6656,0.0062,1.941
4.647949,-0.9579,-1.4334,0.1188,1.728
4.657959,-0.9143,-1.0788,-0.3299,1.452
4.667568,-0.7035,-0.9443,-0.3728,1.235
4.678470,-0.5811,-0.9369,-0.5457,1.230
4.689781,-0.6367,-1.0445,-0.8594,1.495
4.698208,-0.7438,-1.2265,-0.8380,1.661
4.707002,-0.8326,-1.3079,-0.8086,1.749
4.717576,-0.8969,-1.1280,-0.8338,1.665
4.726887,-0.8774,-0.7945,-0.7835,1.420
4.738532,-0.7999,-0.4536,-0.7745,1.202
4.747309,-0.7850,-0.1626,-0.6695,1.044
4.759241,-0.6678,0.0568,-0.5491,0.866
4.767873,-0.6060,0.2142,-0.6901,0.943
4.778922,-0.6092,0.4463,-0.9694,1.229
4.790684,-0.5036,0.6643,-1.1207,1.397
4.797795,-0.4583,0.8996,-1.1968,1.566
4.807110,-0.5892,1.2191,-1.2766,1.861
4.817672,-0.6840,1.6158,-0.9611,2.001
4.826735,-0.8399,2.0918,-0.3160,2.276
4.838459,-1.1029,2.5898,-0.3056,2.831
4.847427,-1.1922,2.8726,-0.7666,3.203
4.858103,-1.2366,2.9710,-0.9735,3.362
4.867682,-1.0769,2.8709,-1.0832,3.252
4.878497,-0.5573,2.7236,-1.0938,2.987
4.890727,0.2148,2.5148,-0.8898,2.676
4.897796,1.0219,2.3912,-0.5835,2.665
4.907622,1.6385,2.4274,-0.5122,2.973
4.918473,1.7754,2.4507,-0.5172,3.070
4.928033,1.4769,2.4466,0.0160,2.858
4.937586,1.1234,2.3786,0.8254,2.757
4.947591,0.7619,2.3372,1.2318,2.750
4.958506,0.5630,2.2305,1.6450,2.828
4.967337,0.3353,1.9735,1.7037,2.629
4.978043,0.1588,1.4695,1.7058,2.257
4.991004,0.1846,0.7204,1.9776,2.113
4.997404,0.2933,0.1338,1.7904,1.819
5.008284,0.4364,-0.1916,1.6637,1.731
5.018184,0.6932,-0.3798,1.7789,1.947
5.026769,0.9179,-0.2624,1.7017,1.951
5.038308,1.0837,-0.0494,1.5435,1.887
5.047258,1.1062,0.0797,1.4595,1.833
5.056816,1.0973,0.1490,1.3455,1.743
5.067032,1.0108,0.1419,1.0487,1.463
5.077768,0.9289,-0.0015,0.8259,1.243
5.091336,0.9188,-0.3675,0.7086,1.217
5.097500,0.8666,-0.8264,0.6552,1.365
5.108438,0.7459,-1.2535,0.6363,1.591
5.117780,0.6983,-1.6559,0.5983,1.894
5.126563,0.6058,-2.0721,0.5771,2.235
5.137644,0.3994,-2.4039,0.4638,2.481
5.147214,0.1590,-2.6899,0.4269,2.728
5.157041,-0.0009,-3.0597,0.3873,3.084
5.167690,-0.2470,-3.2883,0.2549,3.307
5.178224,-0.4548,-3.4117,0.1344,3.444
5.191695,-0.4216,-3.3651,-0.0223,3.391
5.197289,-0.3643,-3.1103,-0.1310,3.134
5.207977,-0.4278,-2.7479,-0.2318,2.791
5.217390,-0.3168,-2.2849,-0.3810,2.338
5.226782,-0.0755,-1.7452,-0.5107,1.820
5.236797,0.1647,-1.0929,-0.5764,1.247
5.247135,0.3429,-0.5577,-0.6258,0.906
5.256805,0.6426,-0.2859,-0.6501,0.958
5.267096,0.7222,0.0770,-0.6977,1.007
5.277696,0.7198,0.2269,-0.7443,1.060
5.290767,0.7035,0.2547,-0.8111,1.103
5.296983,0.7176,0.1819,-0.8619,1.136
5.307739,0.7330,0.1044,-0.9779,1.227
5.317112,0.7117,-0.0521,-1.0916,1.304
5.326195,0.6316,-0.2373,-1.0993,1.290
5.339621,0.6951,-0.4750,-0.7969,1.159
5.347478,0.6939,-0.5904,-0.8395,1.239
5.357092,0.6738,-0.5904,-0.9731,1.323
5.366800,0.7728,-0.4320,-0.7085,1.134
5.377092,0.8991,-0.0958,-0.9187,1.289
5.391820,1.0674,0.3005,-1.2617,1.680
5.396759,1.0414,0.4862,-1.1435,1.621
5.409057,1.0307,0.9092,-1.1081,1.765
5.417501,0.7944,1.1695,-1.1469,1.820
5.426393,0.5604,1.1332,-1.1359,1.700
5.437578,0.5527,0.8889,-1.0372,1.474
5.446578,0.7219,0.6261,-0.8404,1.273
5.456540,0.8323,0.7958,-0.4168,1.225
5.466463,0.7154,1.6138,-0.7142,1.904
5.477428,0.5091,2.4733,-1.1611,2.779
5.485975,0.3981,2.7143,-0.9826,2.914
5.497218,-0.2874,2.9210,-0.4360,2.967
5.511507,-1.4522,2.8875,0.1879,3.238
5.517088,-2.2279,2.6520,0.9769,3.599
5.526236,-2.0980,2.3390,1.3877,3.435
5.538539,-1.5226,2.2483,0.9638,2.881
5.546063,-0.8480,2.1548,0.4766,2.364
5.557575,-0.3195,2.0558,0.3753,2.114
5.566359,-0.0103,1.8406,0.4823,1.903
5.577545,-0.1121,1.6556,0.7478,1.820
5.586007,-0.4294,1.5200,1.1024,1.926
5.597123,-0.7068,1.4104,1.2534,2.015
5.610320,-0.7991,1.3987,1.1921,2.004
5.616376,-0.6886,1.2189,1.0929,1.776
5.625796,-0.5591,0.8278,0.9807,1.400
5.638215,-0.5202,0.3046,0.8355,1.030
5.646851,-0.4882,-0.2695,0.4272,0.702
5.655961,-0.3334,-0.8895,0.4775,1.063
5.666301,-0.1611,-1.4162,0.6171,1.553
5.676698,-0.0239,-1.8159,0.4287,1.866
5.686414,0.1986,-2.1627,0.5702,2.245
5.696086,0.5132,-2.5089,0.5813,2.626
5.713058,0.6608,-2.8593,0.3954,2.961
5.717784,0.6899,-3.2547,0.4135,3.353
5.726014,0.5446,-3.5874,0.3132,3.642
5.739075,0.3788,-3.8746,0.2293,3.900
5.746008,0.0382,-4.0517,0.1388,4.054
5.757161,-0.6001,-3.9823,0.1990,4.032
5.766980,-1.1732,-3.7430,0.2426,3.930
5.776973,-1.4910,-3.3817,0.1978,3.701
5.786153,-1.5056,-2.9654,0.1102,3.328
5.796258,-1.4081,-2.3624,-0.0272,2.750
5.811260,-1.3139,-1.7690,-0.1765,2.211
5.816996,-1.1187,-1.3771,-0.2333,1.789
5.825631,-0.9920,-1.0907,-0.3411,1.513
5.838361,-0.7853,-0.8282,-0.4526,1.228
5.845881,-0.5607,-0.6014,-0.5854,1.009
5.856824,-0.4740,-0.4534,-0.6997,0.959
5.866091,-0.4719,-0.3099,-0.7874,0.969
5.876434,-0.5667,-0.1061,-0.7619,0.955
5.885877,-0.7006,0.1460,-0.6847,0.990
5.895950,-0.8830,0.3720,-0.6010,1.131
5.911724,-0.8628,0.4618,-0.4895,1.094
5.915679,-0.7505,0.5063,-0.4457,1.009
5.925476,-0.6424,0.5584,-0.4659,0.970
5.937262,-0.4798,0.5535,-0.4675,0.869
5.945139,-0.3134,0.5850,-0.5600,0.868
5.955165,-0.2388,0.6386,-0.9907,1.203
5.965715,-0.4836,0.7451,-1.0740,1.394
5.975486,-0.7456,1.0029,-0.4618,1.332
5.986328,-0.9641,1.5340,-0.1915,1.822
5.995830,-1.1956,2.0437,-0.5320,2.427
6.010684,-1.2986,2.2061,-0.6966,2.653
6.016846,-1.1821,2.1243,-0.6889,2.527
6.026542,-0.7829,2.0596,-0.6460,2.296
6.036387,0.1031,2.0368,-0.5829,2.121
6.045700,1.2297,2.2213,-0.6729,2.627
6.056390,2.2097,2.5824,-0.8729,3.509
6.065831,2.5715,3.0409,-0.5679,4.023
6.076103,2.4326,3.5248,0.4283,4.304
6.085914,1.9547,3.9597,1.4350,4.643
6.097942,1.3349,4.2276,1.6575,4.733
6.117656,0.6949,3.8961,1.5890,4.265
6.118336,0.5016,3.0383,1.8611,3.598
6.126840,0.4979,2.0418,1.9440,2.863
6.135705,0.5374,1.1195,1.4061,1.876
6.145203,0.8166,0.2135,1.4014,1.636
6.155950,1.0093,-0.5134,1.4577,1.846
6.165641,0.9403,-0.7227,1.2090,1.694
6.175080,0.8541,-0.7781,1.3341,1.765
6.185640,0.7410,-0.7387,1.4312,1.773
6.197729,0.5993,-0.4507,1.3456,1.540
6.205366,0.4819,-0.1436,1.0822,1.193
6.215630,0.4227,0.1062,0.8604,0.964
6.224399,0.5438,0.0737,0.8307,0.996
6.235632,0.6681,-0.2671,0.7801,1.061
6.245384,0.7736,-0.8800,0.6820,1.356
6.255999,0.8587,-1.5878,0.5887,1.899
6.265634,0.9570,-2.2514,0.5487,2.507
6.275638,0.9219,-2.8733,0.4371,3.049
6.285531,0.6990,-3.3843,0.2669,3.466
6.298007,0.3898,-3.6911,0.2824,3.722
6.311070,0.1418,-3.8921,0.2642,3.904
6.315878,-0.1534,-3.9995,0.1395,4.005
6.325210,-0.4869,-3.8553,0.0341,3.886
6.335952,-0.6507,-3.6417,-0.1278,3.702
6.344769,-0.6112,-3.2680,-0.3337,3.341
6.355765,-0.4353,-2.7581,-0.4246,2.824
6.364933,-0.1820,-2.2775,-0.4896,2.337
6.375055,0.0656,-1.8116,-0.4708,1.873
6.385597,0.3575,-1.2812,-0.7354,1.520
6.395123,0.6171,-0.8154,-0.9974,1.429
6.410652,0.9157,-0.4814,-0.9802,1.425
6.415022,1.0821,-0.1446,-1.1871,1.613
6.424468,1.2243,0.0486,-1.3801,1.845
6.435502,1.2978,-0.0576,-1.2639,1.812
6.444660,1.3356,-0.1275,-1.1960,1.797
6.456358,1.3681,-0.1062,-1.2205,1.836
6.465122,1.3522,-0.1232,-1.1205,1.760
6.474828,1.2390,-0.1017,-1.0480,1.626
6.485966,1.0014,-0.0417,-1.0607,1.459
6.494822,0.7990,0.0328,-1.1278,1.383
6.511295,0.6205,0.2201,-1.1233,1.302
6.515784,0.5910,0.4052,-1.1076,1.319
6.525565,0.5631,0.6528,-1.0881,1.388
6.535191,0.5804,0.9893,-1.0674,1.567
6.544838,0.6902,1.2111,-0.9187,1.669
6.556018,0.7801,1.3707,-1.0351,1.886
6.565485,0.8306,1.4611,-1.3157,2.134
6.574738,0.7965,1.3720,-1.3906,2.110
6.584944,0.7324,1.1371,-1.1799,1.795
6.594500,0.8666,0.9794,-0.7987,1.532
6.608655,0.8374,1.4193,-0.6249,1.762
6.614542,0.5297,2.2938,-0.8699,2.510
6.625278,-0.0074,3.1042,-0.7783,3.200
6.636821,-0.7545,3.6774,-0.2702,3.764
6.644970,-1.4698,4.0254,0.2577,4.293
6.655029,-1.9700,4.1073,0.7674,4.619
6.665520,-1.9646,3.6206,1.1927,4.288
6.674512,-1.5986,2.8696,1.5156,3.618
6.685263,-1.2686,2.2067,1.1250,2.783
6.694451,-0.8910,1.6558,0.7480,2.024
6.711782,-0.6904,1.2068,0.5941,1.512
6.714610,-0.7378,0.9577,0.5218,1.317
6.725419,-0.8937,0.9467,0.6246,1.444
6.734764,-1.2005,1.0950,0.6702,1.758
6.744840,-1.4408,1.4481,0.7552,2.178
6.754657,-1.2165,1.7041,0.7935,2.239
6.764828,-0.7654,1.8465,0.7857,2.148
6.774802,-0.3207,1.5523,0.8158,1.783
6.785805,0.2038,0.7762,0.8250,1.151
6.794197,0.6438,-0.1819,0.5897,0.892
6.811395,0.9524,-1.0484,0.4124,1.475
6.814522,1.0973,-1.8207,0.3703,2.158
6.825797,1.1992,-2.5779,0.3508,2.865
6.835012,1.1407,-3.1787,0.4530,3.407
6.845191,0.9814,-3.7238,0.7112,3.916
6.855715,0.4306,-3.9832,0.5432,4.043
6.865681,-0.0762,-4.1869,0.6083,4.232
6.874510,-0.4421,-4.3300,0.8564,4.436
6.885421,-0.5846,-4.3767,0.5840,4.454
6.895082,-0.4549,-4.4229,0.4123,4.465
6.912560,-0.5551,-4.3059,0.2252,4.347
6.914596,-0.6961,-4.1460,0.0799,4.205
6.925047,-0.7571,-4.0198,0.0166,4.091
6.935299,-0.9072,-3.7310,-0.0983,3.841
6.944895,-1.2017,-3.2435,-0.3551,3.477
6.954444,-1.4050,-2.5983,-0.5821,3.011
6.965874,-1.5393,-1.9295,-0.7348,2.575
6.975257,-1.5038,-1.3114,-0.6837,2.109
6.985642,-1.2591,-0.8012,-0.5826,1.602
6.994577,-0.9173,-0.3388,-0.6032,1.149
7.011126,-0.6975,0.1239,-0.7555,1.036
7.014196,-0.5353,0.4696,-0.8418,1.103
7.025706,-0.5293,0.7247,-0.8783,1.256
7.034857,-0.6554,0.9346,-0.8931,1.449
7.045121,-0.6928,1.0036,-0.6532,1.383
7.054295,-0.6498,1.0681,-0.4330,1.323
7.065910,-0.6654,1.1761,-0.4358,1.420
7.074411,-0.6571,1.2436,-0.7583,1.598
7.085298,-0.6505,1.3495,-1.0698,1.841
7.094471,-0.6433,1.4915,-1.2104,2.026
7.105733,-0.4922,1.6411,-0.7364,1.865
7.113889,-0.2909,1.8870,-0.2858,1.931
7.129970,-0.4406,2.4018,-0.4442,2.482
7.133596,-0.6529,2.6322,-0.4523,2.749
7.145441,-0.7981,2.6331,-0.7719,2.858
7.154420,-0.5263,2.5151,-0.6905,2.661
7.165586,0.0999,2.5059,-0.5857,2.575
7.174406,0.8358,2.8165,-1.1440,3.153
7.185608,1.4315,3.0155,-1.0614,3.503
7.194657,1.5978,3.1843,-0.1502,3.566
7.209636,1.3735,3.4859,0.4776,3.777
7.213284,1.0399,3.5229,0.8044,3.760
7.224553,0.7782,3.0814,1.5008,3.515
7.233359,0.7193,2.5654,2.1072,3.397
7.244656,0.6022,2.0002,1.8604,2.797
7.253660,0.5150,1.1236,1.5552,1.987
7.264810,0.4962,0.2556,1.5725,1.669
7.275912,0.4441,-0.2441,1.4991,1.582
7.284554,0.6580,-0.3941,1.5129,1.696
7.294229,0.9762,-0.2919,1.5346,1.842
7.304837,1.0070,-0.0307,1.5712,1.866
7.313250,0.8928,0.4237,1.6034,1.883
7.326630,0.9148,0.7746,1.5233,1.938
7.334095,1.0200,0.9003,1.3901,1.945
7.344535,1.1847,0.7697,1.1718,1.836
7.353751,1.2628,0.3375,1.0038,1.648
7.365044,1.2041,-0.3480,0.9022,1.544
7.373973,1.1111,-1.1168,0.8422,1.786
7.385424,0.9791,-1.9159,0.7458,2.277
7.394221,0.7271,-2.6616,0.5383,2.811
7.404756,0.3920,-3.2369,0.3349,3.278
7.413128,0.0665,-3.6850,0.2533,3.694
7.425871,-0.1576,-3.9439,0.2739,3.957
7.433310,-0.2119,-3.9559,0.2922,3.972
7.444984,-0.2685,-3.8407,0.1342,3.852
7.454183,-0.2915,-3.6966,0.0080,3.708
7.465077,-0.2900,-3.4255,-0.1279,3.440
7.474690,-0.2102,-3.1855,-0.1810,3.198
7.485706,-0.2089,-2.8785,-0.3744,2.910
7.493481,-0.3140,-2.4805,-0.5378,2.557
7.506518,-0.3294,-2.0968,-0.6377,2.216
7.513293,-0.2596,-1.6794,-0.7169,1.844
7.529582,-0.2287,-1.2092,-0.8492,1.495
7.533214,-0.1237,-0.8058,-1.0557,1.334
7.545488,0.0265,-0.4022,-1.2305,1.295
7.553358,0.3730,-0.1898,-1.0971,1.174
7.565268,0.6441,0.0492,-1.0410,1.225
7.573194,0.7984,0.2911,-1.2653,1.524
7.585478,0.9089,0.4566,-0.9191,1.371
7.595501,0.9708,0.5768,-0.7615,1.362
7.604846,1.0284,0.6231,-1.0284,1.582
7.613503,1.0983,0.4298,-0.9975,1.545
7.626205,0.9922,0.1885,-1.0796,1.478
7.633656,0.8798,-0.1774,-1.1014,1.421
7.642378,0.7876,-0.4213,-1.0341,1.366
7.652926,0.7652,-0.4400,-1.0102,1.341
7.661848,0.8672,-0.2142,-1.0567,1.384
7.673640,1.0158,0.2778,-1.0170,1.464
7.682743,1.0922,0.7173,-0.9821,1.635
7.695483,1.1183,1.1956,-1.0571,1.949
7.702458,1.1508,1.4995,-1.1469,2.211
7.715523,1.0842,1.4664,-1.1764,2.170
7.722073,1.1808,1.2691,-0.7460,1.887
7.732993,1.0863,1.5549,-0.3654,1.932
7.742148,0.6002,2.5088,-0.8707,2.723
7.753408,-0.1387,3.4663,-1.1904,3.668
7.762203,-0.8636,3.9519,-0.5736,4.086
7.776106,-1.8076,4.1856,0.3193,4.570
7.783683,-2.6548,3.9899,0.7090,4.845
7.794793,-2.2042,3.1081,1.4606,4.081
7.802422,-1.5763,2.5147,1.6415,3.392
7.812601,-0.9617,1.8366,0.9212,2.269
7.821859,-0.5544,1.2843,0.6254,1.532
7.832277,-0.2177,0.7783,0.5449,0.975
7.842678,-0.2558,0.5942,0.4733,0.802
7.855604,-0.4858,0.6818,0.3209,0.897
7.864678,-0.6514,0.9551,0.4054,1.225
7.873082,-0.6692,1.5772,0.8149,1.897
7.883109,-0.4206,2.0621,0.8810,2.281
7.895122,-0.0976,2.3357,0.5761,2.408
7.901536,0.2748,2.2147,0.6920,2.337
7.915674,0.6363,1.6683,0.7395,1.933
7.921354,0.8884,0.7242,0.6237,1.305
7.933892,1.0550,-0.3011,0.5353,1.221
7.950064,1.1096,-1.4050,0.4662,1.850
7.951225,1.0605,-2.4148,0.4172,2.670
7.962011,0.9860,-3.2419,0.3740,3.409
7.972262,0.8471,-3.8578,0.4007,3.970
7.981496,0.6320,-4.2721,0.4557,4.343
7.994818,0.3317,-4.5640,0.4494,4.598
8.002164,-0.1249,-4.6570,0.3854,4.675
8.012918,-0.4266,-4.7287,0.3361,4.760
8.021317,-0.8076,-4.7264,0.3121,4.805
8.031949,-1.1769,-4.6719,0.2982,4.827
8.043952,-1.4634,-4.4524,0.2924,4.696
8.052880,-1.5441,-4.0583,0.2285,4.348
8.061216,-1.3980,-3.5135,0.0735,3.782
8.071837,-1.1853,-2.8681,-0.1673,3.108
8.082989,-1.0565,-2.1797,-0.3672,2.450
8.096645,-0.9703,-1.5344,-0.4584,1.872
8.101629,-0.9071,-0.9632,-0.5210,1.422
8.111973,-0.8476,-0.5594,-0.5316,1.146
8.121435,-0.8021,-0.2413,-0.5724,1.014
8.131397,-0.7500,-0.0401,-0.7476,1.060
8.142154,-0.6702,0.0849,-0.8993,1.125
8.151488,-0.6149,0.1791,-1.0043,1.191
8.160325,-0.6452,0.3048,-0.9050,1.152
8.171496,-0.7291,0.4619,-0.5767,1.038
8.180492,-0.7721,0.6051,-0.4800,1.092
8.193374,-0.8624,0.9429,-0.5775,1.402
8.200517,-0.8983,1.3553,-0.8600,1.839
8.211202,-0.8534,1.6940,-1.2331,2.262
8.221556,-0.7596,2.0305,-0.8532,2.330
8.231429,-0.6431,2.3817,-0.1203,2.470
8.241988,-0.8267,2.8220,-0.2037,2.948
8.252167,-0.9379,2.9299,-0.4947,3.116
8.260657,-0.7729,2.6622,-0.3482,2.794
8.271758,-0.3324,2.3908,-0.5607,2.478
8.281722,0.3444,2.2572,-0.7777,2.412
8.294864,1.2644,2.3841,-0.6431,2.774
8.300784,2.0751,2.8915,-0.7727,3.642
8.313904,2.4724,3.4656,-0.4499,4.281
8.320976,2.3521,4.0147,0.9410,4.747
8.330954,1.2861,4.5164,1.7567,5.014
8.340746,-0.0169,4.3616,2.0604,4.824
8.350876,-0.8126,3.4292,2.5308,4.339
8.359855,-0.5611,2.3077,2.4455,3.409
8.370902,0.0210,1.3058,2.0205,2.406
8.388256,0.5267,0.5122,1.5041,1.674
8.391017,0.9916,0.0826,1.2734,1.616
8.400036,1.4817,-0.0475,1.2932,1.967
8.412602,1.7492,0.0528,1.0953,2.064
8.420828,1.8069,0.2736,0.9947,2.081
8.431447,1.8614,0.4380,1.1635,2.238
8.440797,1.8236,0.4965,1.3151,2.302
8.450947,1.6274,0.4567,1.2251,2.088
8.462357,0.9233,0.5682,1.0011,1.476
8.471676,0.1512,0.3257,0.8835,0.954
8.480633,-0.1527,-0.5653,1.0875,1.235
8.495006,0.0032,-1.5008,1.0704,1.843
8.500280,0.1739,-2.3344,0.6617,2.433
8.511285,0.2383,-3.0640,0.4679,3.109
8.520024,0.3296,-3.7116,0.3952,3.747
8.530535,0.3056,-4.1790,0.3366,4.204
8.540488,0.1570,-4.4329,0.3153,4.447
8.551386,-0.1033,-4.4420,0.2103,4.448
8.560685,-0.3140,-4.1994,-0.1423,4.214
8.571777,-0.4071,-3.8466,-0.1519,3.871
8.580528,-0.3244,-3.4245,-0.2244,3.447
8.597531,-0.0291,-2.9115,-0.5347,2.960
8.600153,0.4371,-2.4468,-0.4936,2.534
8.610727,0.9642,-2.0254,-0.2854,2.261
8.620160,1.2802,-1.5321,-0.3107,2.021
8.630918,1.3336,-1.0721,-0.5010,1.783
8.640332,1.1433,-0.5493,-0.7163,1.457
8.650810,1.0836,-0.2105,-0.9390,1.449
8.659606,1.0663,-0.1159,-0.9967,1.464
8.671301,0.9897,-0.1434,-0.9756,1.397
8.680077,0.8746,-0.1088,-1.0008,1.334
8.690780,0.8342,-0.2110,-1.1837,1.463
8.700124,0.7278,-0.3185,-1.2010,1.440
8.713878,0.6515,-0.3308,-1.0701,1.296
8.720413,0.6957,-0.3531,-0.9235,1.209
8.730597,0.7307,-0.3469,-0.8262,1.156
8.740545,0.6733,-0.2546,-0.8485,1.113
8.751432,0.5602,-0.0664,-0.9349,1.092
8.759810,0.3936,0.2321,-0.9899,1.090
8.771717,0.3194,0.6628,-0.9736,1.220
8.780700,0.4849,0.9357,-0.9752,1.436
8.790860,0.5526,1.0606,-1.0691,1.604
8.799966,0.6220,1.1140,-1.3237,1.838
8.814972,0.7166,0.9976,-1.4926,1.933
8.819649,0.7056,0.8338,-1.3334,1.724
8.830956,0.6932,0.8839,-0.8102,1.385
8.840166,0.7136,1.4168,-0.2808,1.611
8.850904,0.5845,2.5112,-0.3121,2.597
8.861213,0.2594,3.4218,-0.5622,3.477
8.871962,-0.4192,3.8725,-0.3184,3.908
8.881859,-1.4322,4.1076,0.1449,4.353
8.892065,-2.2889,4.2274,0.4751,4.831
8.900408,-2.2655,3.6730,0.9845,4.426
8.915064,-1.8809,3.1702,1.3003,3.909
8.919715,-1.4184,2.6023,1.2642,3.222
8.931430,-0.9878,2.1250,0.6332,2.427
8.940234,-0.7652,1.8886,0.4086,2.078
8.951123,-0.5662,1.7083,0.7473,1.949
8.959573,-0.6045,1.7062,0.7799,1.971
8.971798,-0.7979,1.8010,0.6901,2.087
8.980034,-0.9437,1.8136,1.0851,2.315
8.991386,-0.9723,1.8736,1.2224,2.439
9.000164,-0.9345,1.8352,0.6626,2.163
9.016979,-0.7298,1.4320,0.7474,1.772
9.019769,-0.3700,0.7886,0.8501,1.217
9.030992,-0.0405,0.0178,0.6329,0.634
9.039276,0.3384,-0.9376,0.5516,1.139
9.050404,0.7241,-1.9289,0.6211,2.152
9.059932,0.9489,-2.7975,0.5164,2.999
9.070096,1.0273,-3.4403,0.2371,3.598
9.080521,1.0801,-3.8907,0.2521,4.046
9.090825,0.9012,-4.1919,0.2556,4.295
9.099183,0.4968,-4.4709,0.1327,4.500
9.110417,0.0516,-4.6297,0.2467,4.637
9.120005,-0.4102,-4.6037,0.5413,4.654
9.130866,-0.8402,-4.4363,0.5500,4.548
9.140152,-1.1952,-4.1561,0.5078,4.354
9.150499,-1.1471,-3.9144,0.4285,4.101
9.159647,-0.9665,-3.6057,0.1844,3.737
9.170604,-0.8096,-3.3187,-0.0846,3.417
9.180280,-0.7654,-3.1014,-0.2316,3.203
9.190299,-0.8920,-2.8197,-0.3818,2.982
9.199366,-1.0512,-2.4520,-0.5852,2.731
9.214993,-1.1752,-2.0101,-0.8056,2.464
9.219189,-1.2652,-1.4269,-0.8552,2.090
9.235997,-1.0394,-0.9969,-0.6045,1.562
9.239631,-0.8705,-0.4372,-0.8472,1.291
9.249589,-0.6415,0.1326,-0.8963,1.110
9.262074,-0.4614,0.6957,-0.7680,1.134
9.270988,-0.3853,1.2064,-0.8315,1.515
9.278847,-0.3399,1.4779,-0.8984,1.763
9.290826,-0.5812,1.7401,-0.7234,1.972
9.299740,-0.9406,1.7223,-0.4707,2.018
9.314295,-1.0514,1.6785,-0.3995,2.020
9.319079,-0.9435,1.5703,-0.4922,1.897
9.333490,-0.8357,1.5534,-1.0702,2.063
9.339136,-0.8473,1.4601,-1.3257,2.146
9.349761,-0.9796,1.6543,-0.4003,1.964
9.359814,-0.9713,2.1242,0.1502,2.341
9.369990,-1.0687,2.4986,-0.4727,2.758
9.379476,-1.0945,2.4661,-0.8515,2.829
9.390409,-1.0550,2.3119,-0.6950,2.635
9.398866,-0.7529,2.3476,-0.6576,2.552
9.415218,0.0053,2.7029,-0.8761,2.841
9.419067,0.9849,3.0328,-1.0078,3.344
9.433961,1.7284,3.0929,-0.3631,3.562
9.439726,1.9841,3.0535,0.6255,3.695
9.449660,1.8798,2.9031,1.0229,3.607
9.458983,1.5846,2.5432,1.4181,3.315
9.471256,1.2913,1.9323,1.9804,3.053
9.478446,0.9234,1.4120,2.2480,2.811
9.489897,0.5260,0.9358,2.0140,2.282
9.498740,0.1687,0.5436,1.8274,1.914
9.510028,0.0695,0.2542,1.6824,1.703
9.520282,0.2013,0.2498,1.4562,1.491
9.535434,0.7132,0.3319,1.4211,1.624
9.538666,1.2593,0.4889,1.3689,1.923
9.549267,1.6276,0.7549,1.3948,2.273
9.559501,1.9208,1.0275,1.6045,2.706
9.569945,2.0885,1.1397,1.5822,2.857
9.578932,1.8918,1.1520,1.1301,2.487
9.590052,1.5777,0.6951,0.7314,1.873
9.598980,1.3324,-0.0584,0.5882,1.458
9.609887,1.0814,-0.8547,0.4418,1.447
9.618880,0.8983,-1.6577,0.5780,1.972
9.635893,0.7286,-2.3739,0.7721,2.600
9.639159,0.2851,-2.9338,0.3977,2.974
9.649183,-0.1408,-3.4236,0.2303,3.434
9.659741,-0.3732,-3.7717,0.5467,3.829
9.669842,-0.5172,-3.9373,0.4354,3.995
9.679109,-0.5455,-4.0164,0.2249,4.059
9.689662,-0.4772,-4.0210,0.0370,4.049
9.698722,-0.5465,-3.9994,-0.0685,4.037
9.710161,-0.5467,-3.9803,-0.0995,4.019
9.721199,-0.4327,-3.8344,-0.1967,3.864
9.737067,-0.3669,-3.3338,-0.3230,3.369
9.737769,-0.2391,-2.7111,-0.6152,2.790
9.749371,0.0191,-2.1267,-0.8127,2.277
9.759217,0.4000,-1.4754,-0.8698,1.759
9.773942,0.7353,-0.7953,-0.9819,1.462
9.778621,0.9494,-0.2850,-1.1027,1.483
9.789433,1.1662,0.1105,-0.9941,1.536
9.799710,1.4326,0.3817,-0.8749,1.721
9.809742,1.6355,0.4902,-0.9502,1.954
9.818600,1.6406,0.5246,-1.1195,2.054
9.837307,1.4872,0.5926,-1.2213,2.014
9.838043,1.3325,0.5814,-1.2543,1.920
9.848742,1.1359,0.4621,-1.1851,1.705
9.859037,0.9029,0.3548,-1.0445,1.426
9.870246,0.7567,0.2713,-0.9185,1.221
9.879261,0.6523,0.2766,-0.8956,1.142
9.892688,0.6283,0.4232,-0.8297,1.124
9.899655,0.6327,0.6921,-0.7958,1.230
9.916525,0.7134,0.8964,-0.8064,1.401
9.917203,0.7276,1.1487,-1.0166,1.698
9.937676,0.7699,1.2840,-1.0421,1.824
9.938319,0.6990,1.3384,-1.0669,1.849
9.948123,0.5893,1.4174,-0.9066,1.783
9.957434,0.5763,1.8041,-0.7048,2.021
9.967749,0.6099,2.5607,-0.4405,2.669
9.977401,0.5109,3.7426,-0.8017,3.861
9.987650,0.2582,4.5326,-1.1268,4.678
9.997337,-0.5138,4.8943,-0.4695,4.944
10.007906,-1.7670,4.9186,0.4692,5.247
10.017264,-2.6136,4.2931,1.3080,5.194
10.027961,-2.3242,3.3909,2.0014,4.572
10.037558,-1.9075,2.6863,1.6818,3.699
10.049423,-1.5064,1.9616,1.0544,2.689
10.057674,-1.1994,1.3314,0.9168,2.013
10.068118,-0.9634,0.8719,0.9251,1.595
10.078073,-0.6710,0.5546,0.9432,1.284
10.088009,-0.5032,0.4853,1.0460,1.258
10.097072,-0.4234,0.6953,1.2461,1.488
10.108143,-0.1514,0.8687,1.2426,1.524
10.117198,0.1557,0.9100,0.9912,1.355
10.127836,0.2680,0.7547,0.7066,1.068
10.137539,0.3371,0.3332,0.5684,0.740
10.148091,0.3598,-0.3615,0.3241,0.604
10.157474,0.4037,-1.1713,0.2356,1.261
10.169799,0.4586,-1.9354,0.3314,2.016
10.180299,0.5068,-2.5122,0.5691,2.625
10.188397,0.6117,-2.9995,0.6930,3.139
10.200947,0.6659,-3.3374,0.6201,3.459
10.208130,0.6980,-3.5929,0.4614,3.689
10.217558,0.6990,-3.9821,0.3284,4.056
10.232104,0.4865,-4.2871,0.1795,4.318
10.236820,0.0152,-4.5563,0.0842,4.557
10.247276,-0.5022,-4.7396,0.1417,4.768
10.257444,-1.0512,-4.6838,0.1507,4.803
10.267920,-1.4317,-4.4871,0.0253,4.710
10.279772,-1.6347,-4.1137,-0.0722,4.427
10.288678,-1.5703,-3.5611,-0.3090,3.904
10.297136,-1.3458,-2.8602,-0.6385,3.225
10.308385,-1.1121,-2.1068,-0.5516,2.445
10.317151,-0.9970,-1.2863,-0.3822,1.672
10.329148,-0.9333,-0.4679,-0.6215,1.215
10.337173,-0.8546,0.2142,-0.5719,1.050
10.348012,-0.6369,0.7386,-0.4284,1.065
10.356722,-0.5103,1.1125,-0.7686,1.445
10.367579,-0.4318,1.1802,-0.7409,1.459
10.378305,-0.6023,1.0684,-0.8627,1.500
10.388443,-0.8665,0.8081,-1.0397,1.576
10.401000,-0.9595,0.3419,-0.9336,1.382
10.407764,-1.0271,0.0868,-0.7934,1.301
10.419036,-0.9360,-0.0361,-0.6830,1.159
10.427622,-0.7077,-0.0244,-0.6344,0.951
10.437499,-0.5061,0.1627,-0.8992,1.045
10.448222,-0.5212,0.4125,-1.3332,1.490
10.457270,-0.6912,0.8732,-0.7899,1.365
10.468536,-0.6568,1.5065,0.1977,1.655
10.477188,-0.8878,2.1854,0.0547,2.359
10.487773,-1.3849,2.5604,-0.3872,2.937
10.499847,-1.4359,2.4615,-0.2023,2.857
10.507954,-0.8899,2.3849,-0.2307,2.556
10.517392,-0.0500,2.5948,-0.7739,2.708
10.528456,1.1521,2.9547,-1.1656,3.379
10.537654,2.2599,3.6395,-1.2890,4.474
10.548539,2.7906,4.4093,-0.9365,5.302
10.558111,2.7340,4.9070,0.5197,5.641
10.567855,1.9516,5.0007,1.5205,5.579
10.577673,0.8269,4.5030,2.1679,5.066
10.588006,0.3039,3.7435,2.5567,4.543
10.597542,0.0439,2.6257,1.9743,3.285
10.608551,0.0146,1.1678,1.4279,1.845
10.617655,0.1103,-0.3530,1.4469,1.493
10.633826,0.2161,-1.3688,1.3495,1.934
10.636484,0.5230,-1.9224,1.3727,2.419
10.647005,0.6537,-2.0775,1.3240,2.549
10.657384,0.5765,-1.7977,1.3052,2.295
10.667523,0.5384,-1.4348,1.4958,2.141
10.676534,0.3777,-0.8924,1.4739,1.764
10.688715,0.1701,-0.2158,1.2467,1.277
10.697733,0.1365,0.4444,0.9927,1.096
10.708646,0.4478,0.8104,0.9770,1.346
10.718009,1.0993,0.5831,1.0441,1.624
10.727300,1.5838,-0.0961,0.8738,1.811
10.737121,1.6974,-0.8892,0.5945,2.006
10.747960,1.5038,-1.7892,0.3076,2.357
10.757549,1.1789,-2.6696,0.1518,2.922
10.768550,0.7886,-3.4467,0.0978,3.537
10.777009,0.2650,-3.9458,0.0547,3.955
10.787887,-0.1665,-4.1911,0.0211,4.194
10.797957,-0.4661,-4.1801,-0.0129,4.206
10.808557,-0.6480,-3.9655,0.0201,4.018
10.818020,-0.6161,-3.4826,-0.0129,3.537
10.827261,-0.3481,-2.9111,-0.1679,2.937
10.839741,-0.0069,-2.2460,-0.2354,2.258
10.847238,0.3869,-1.7150,-0.3749,1.798
10.857920,0.6837,-1.3346,-0.4855,1.576
10.867839,0.8709,-0.9969,-0.5069,1.417
10.877225,1.0002,-0.8098,-0.5967,1.418
10.887447,0.7307,-0.5957,-0.7502,1.205
10.897969,0.7114,-0.4649,-0.8672,1.214
10.907676,0.7942,-0.3936,-1.0296,1.359
10.918662,0.7952,-0.1998,-1.2109,1.462
10.927052,0.9808,-0.0442,-1.2123,1.560
10.938086,1.2212,0.0251,-1.1902,1.705
10.947510,1.4367,-0.0156,-1.1766,1.857
10.956356,1.3726,-0.1280,-1.0689,1.744
10.968986,1.1409,-0.0558,-1.0315,1.539
10.980004,1.0715,0.0020,-0.9965,1.463
10.987711,1.1477,0.0429,-0.9026,1.461
10.995915,1.2073,0.1720,-0.8768,1.502
11.008168,1.2263,0.4018,-0.8660,1.554
11.018594,1.3118,0.6028,-0.9715,1.740
11.027890,1.1613,0.8040,-1.1374,1.813
11.038088,0.9164,0.8807,-1.2246,1.765
11.047737,0.7571,0.8689,-1.4427,1.847
11.056878,0.6963,0.7517,-1.3138,1.666
11.067400,0.5987,0.7880,-0.7543,1.244
11.076517,0.4713,1.4026,-0.0536,1.481
11.087426,0.1484,2.9239,-0.2988,2.943
11.098432,-0.4291,4.5034,-0.9791,4.629
11.107459,-1.2342,5.3326,-0.7761,5.528
11.116004,-2.2744,5.4108,0.1521,5.871
11.127404,-3.0639,4.8143,1.2553,5.843
11.136426,-2.7261,3.7641,2.0533,5.081
11.157883,-2.0245,2.8092,1.9404,3.969
11.158446,-1.2422,2.0768,1.1096,2.662
11.166164,-0.4748,1.6071,0.6370,1.793
11.176328,-0.0165,1.2318,0.6026,1.371
11.186357,-0.2137,1.2554,0.4820,1.362
11.196190,-0.6125,1.4413,0.5873,1.673
11.206663,-0.9122,1.7466,0.8734,2.155
11.218353,-1.2100,2.3417,1.0047,2.821
11.226597,-1.0603,2.7089,0.9362,3.056
11.237186,-0.5346,2.5654,0.9188,2.777
11.246875,0.1105,1.9641,0.8187,2.131
11.255677,0.6296,0.9651,0.6421,1.319
11.266337,0.7968,-0.2277,0.3257,0.890
11.276136,0.7747,-1.4822,0.1865,1.683
11.287403,0.7441,-2.6763,0.3401,2.799
11.296501,0.7381,-3.5512,0.2576,3.636
11.307782,0.6579,-4.2892,0.1198,4.341
11.319024,0.5858,-4.9646,0.1546,5.001
11.327331,0.3056,-5.2518,0.2389,5.266
11.337700,-0.0869,-5.2826,0.3174,5.293
11.348061,-0.4496,-5.2272,0.3464,5.258
11.355470,-0.6157,-5.1863,0.3948,5.238
11.368458,-0.6038,-5.1934,0.3378,5.239
11.376196,-0.6499,-5.0329,0.2182,5.079
11.386631,-0.7819,-4.7217,0.0780,4.787
11.395718,-0.9130,-4.3390,-0.0568,4.434
11.407012,-1.1127,-3.7432,-0.1789,3.909
11.418161,-1.1904,-3.1021,-0.2991,3.336
11.426151,-1.2431,-2.3818,-0.4089,2.718
11.437690,-1.2115,-1.5872,-0.4800,2.054
11.448680,-1.0982,-0.7969,-0.5847,1.478
11.455171,-0.8649,-0.0471,-0.7367,1.137
11.466793,-0.6191,0.6121,-0.9888,1.317
11.474608,-0.4796,1.1565,-1.0906,1.660
11.485387,-0.3333,1.4567,-0.9251,1.758
11.495036,-0.2873,1.5176,-0.6063,1.659
11.506328,-0.3648,1.4806,-0.2999,1.554
11.516007,-0.4585,1.3530,-0.1387,1.435
11.525707,-0.5443,1.2712,-0.2820,1.411
11.535560,-0.7322,1.4414,-0.5815,1.718
11.548412,-0.7151,1.5401,-0.9689,1.955
11.554882,-0.6872,1.6007,-1.2453,2.141
11.566893,-0.6277,1.6399,-0.8010,1.930
11.576001,-0.6791,1.9356,-0.3297,2.078
11.586598,-0.7762,2.2580,-0.5510,2.450
11.595934,-0.8108,2.2598,-0.8086,2.533
11.606179,-0.6798,1.9962,-0.8063,2.258
11.618628,-0.3950,1.8030,-0.8656,2.039
11.626884,0.3439,1.8314,-0.5431,1.941
11.637454,1.1595,2.3811,-0.3427,2.671
11.646061,1.6982,3.1933,-0.8379,3.713
11.655605,1.9763,3.5392,-0.5180,4.087
11.666668,1.5510,3.9194,0.6501,4.265
11.675463,0.9653,4.3004,1.0265,4.525
11.686059,0.4957,4.1739,1.7725,4.562
11.695664,0.2631,3.5943,2.1851,4.215
11.707243,0.3030,2.7304,1.9320,3.359
11.719468,0.6497,1.6434,1.7456,2.484
11.726242,0.9938,0.6131,1.7248,2.083
11.739621,1.2692,-0.2283,1.7048,2.138
11.745808,1.3989,-0.6479,1.5820,2.209
11.754687,1.4903,-0.6232,1.4132,2.146
11.765924,1.6126,-0.4365,1.5081,2.251
11.775839,1.5461,-0.0754,1.7350,2.325
11.785861,1.3628,0.4270,1.6604,2.190
11.795644,1.2841,0.8216,1.2633,1.980
11.805976,1.2961,0.7419,0.9308,1.760
11.820237,1.2651,0.2190,0.8568,1.544
11.825957,1.1935,-0.6054,0.8863,1.605
11.837568,1.1116,-1.4985,0.8416,2.047
11.846748,0.9397,-2.3114,0.7356,2.601
11.854643,0.7256,-3.0634,0.6434,3.213
11.866177,0.3914,-3.5796,0.5161,3.638
11.876360,0.0115,-3.8078,0.3702,3.826
11.886007,-0.2906,-3.9280,0.2383,3.946
11.895585,-0.6140,-3.8543,0.2158,3.909
11.906332,-0.7471,-3.7232,0.2636,3.807
11.920008,-0.6982,-3.6066,-0.0248,3.674
11.926272,-0.4966,-3.4588,0.0163,3.494
11.936069,-0.2747,-3.2510,-0.0706,3.263
11.946029,-0.0296,-2.9880,-0.3329,3.007
11.954485,0.2319,-2.7131,-0.5554,2.779
11.967765,0.3855,-2.3591,-0.6971,2.490
11.974570,0.4281,-1.9211,-0.8603,2.148
11.986495,0.4508,-1.4399,-1.0234,1.823
11.994938,0.5178,-1.0231,-1.1393,1.616
12.005717,0.4133,-0.6950,-1.1768,1.428
12.021141,0.3207,-0.4529,-1.2042,1.326
12.027756,0.2996,-0.1867,-1.3592,1.404
12.040797,0.5411,0.0481,-1.4784,1.575
12.044961,1.0727,0.1366,-1.4209,1.786
12.053753,1.3901,0.1362,-1.1413,1.804
12.066479,1.5268,0.1310,-0.9812,1.820
12.074905,1.4777,0.1235,-1.0606,1.823
12.086100,1.3163,0.0970,-1.0984,1.717
12.094981,1.0702,0.3101,-1.0763,1.549
12.105637,0.7674,0.7606,-1.1089,1.548
12.114611,0.6064,1.2712,-1.0999,1.787
12.129764,0.6595,1.7581,-1.0652,2.159
12.134043,0.7117,2.2838,-1.1804,2.668
12.145471,0.9339,2.5555,-1.4957,3.105
12.154498,1.0012,2.5474,-1.6329,3.187
12.166468,0.9758,2.4057,-1.4606,2.979
12.175244,1.2145,2.2938,-0.9458,2.762
12.185172,1.1439,2.5931,-0.7478,2.931
12.194556,0.6826,2.9921,-0.8579,3.187
12.205805,-0.0785,3.1168,-0.5160,3.160
12.215240,-1.1745,3.2085,0.1556,3.420
12.225355,-2.0453,3.1134,0.6208,3.777
12.239551,-2.0269,2.6562,1.1640,3.538
12.244878,-1.6739,2.0471,1.7592,3.176
12.254178,-1.4277,1.6600,1.5840,2.702
12.266578,-1.2013,1.4085,1.1622,2.186
12.275239,-1.0928,1.3398,0.8904,1.945
12.284889,-1.2235,1.4226,0.6735,1.994
12.294721,-1.2298,1.5806,0.9974,2.237
12.305708,-1.1640,1.7998,0.9526,2.346
12.314233,-0.8602,1.9462,0.7532,2.257
12.324737,-0.4713,2.0892,0.7606,2.273
12.340189,0.0685,2.1018,0.5514,2.174
12.344397,0.6855,1.7328,0.5652,1.947
12.353512,1.1369,0.9802,0.4588,1.570
12.366224,1.3310,-0.0192,0.2845,1.361
12.374250,1.3447,-1.1212,0.2238,1.765
12.385804,1.2095,-2.1988,0.2376,2.521
12.394446,1.0228,-3.1248,0.2918,3.301
12.405093,0.8701,-3.8871,0.3203,3.996
12.414582,0.7426,-4.4283,0.3679,4.505
12.425179,0.5252,-4.8157,0.3440,4.856
12.436638,0.2124,-5.0208,0.3137,5.035
12.446662,-0.3106,-5.0008,0.3781,5.025
12.453417,-0.6252,-4.8299,0.3734,4.885
12.465582,-0.8563,-4.6018,0.3594,4.695
12.474376,-1.0162,-4.3498,0.3602,4.481
12.486019,-1.0191,-4.0116,0.3022,4.150
12.493741,-0.9445,-3.6161,0.2645,3.747
12.505854,-0.8907,-3.1247,0.1801,3.254
12.513974,-0.7401,-2.6886,-0.1096,2.791
12.525445,-0.6954,-2.2982,-0.3061,2.421
12.538807,-0.7745,-1.8530,-0.4623,2.061
12.545521,-0.7852,-1.4007,-0.7049,1.754
12.553608,-0.7558,-0.9989,-0.6214,1.398
12.566984,-0.7183,-0.5779,-0.5576,1.077
12.573857,-0.8001,0.0901,-0.7008,1.067
12.586331,-0.6698,0.4757,-0.9999,1.294
12.593687,-0.6830,0.7991,-1.1562,1.563
12.604491,-0.6668,1.0198,-0.7291,1.420
12.613893,-0.8074,1.5163,-0.3509,1.753
12.624937,-0.5791,1.7139,-0.3873,1.850
12.636959,-0.5392,1.8164,-0.7344,2.032
12.645596,-0.5546,1.9457,-0.9792,2.248
12.653332,-0.5184,1.8958,-1.1899,2.298
12.665877,-0.4912,1.9085,-0.8568,2.149
12.673492,-0.5570,2.1852,-0.4203,2.294
12.684758,-0.7850,2.6539,-0.5965,2.831
12.693928,-1.0887,2.9481,-0.9316,3.278
12.705599,-1.1433,2.8355,-0.9389,3.198
12.713897,-0.7269,2.5969,-0.7601,2.802
12.725177,-0.0034,2.5513,-0.4833,2.597
12.739234,0.9193,2.8696,-0.5417,3.062
12.746795,1.7303,3.2833,-0.6334,3.765
12.752607,2.0398,3.5957,-0.2942,4.144
12.766123,2.0553,3.7509,0.5453,4.312
12.773383,1.3728,3.4080,1.3751,3.923
12.785084,0.4768,2.9279,2.1387,3.657
12.793777,0.1823,2.2549,2.3297,3.247
12.805063,0.1808,1.5629,1.9613,2.514
12.813790,0.3016,0.6981,1.4862,1.669
12.825226,0.4593,-0.0952,1.2671,1.351
12.840627,0.7887,-0.5313,1.2554,1.575
12.845348,1.2362,-0.3220,1.2449,1.784
12.852741,1.5491,0.2193,1.1657,1.951
12.865556,1.5614,0.7957,1.3195,2.194
12.873109,1.3348,1.3738,1.5143,2.442
12.885895,1.1326,1.8750,1.3117,2.553
12.894090,1.0143,1.9976,1.1363,2.512
12.904924,0.8694,1.5211,1.1146,2.076
12.913464,0.5888,0.6181,0.8948,1.237
12.924835,0.4911,-0.5459,0.9047,1.165
12.936597,0.4178,-1.6832,1.0960,2.052
12.944703,0.1754,-2.5969,0.7406,2.706
12.953493,-0.0644,-3.3519,0.4968,3.389
12.965767,-0.1047,-3.8982,0.4603,3.927
12.974647,-0.1097,-4.3509,0.4361,4.374
12.985749,-0.1890,-4.5830,0.5356,4.618
12.993644,-0.3299,-4.6230,0.4530,4.657
13.005552,-0.5814,-4.4879,0.3433,4.538
13.013596,-0.7416,-4.2689,0.2027,4.338
13.025230,-0.5716,-4.2033,0.1092,4.243
13.034392,-0.2789,-4.0612,-0.1595,4.074
13.045285,-0.0752,-3.7369,-0.4308,3.762
13.052888,0.0992,-3.2067,-0.6740,3.278
13.065792,0.2998,-2.6047,-0.9231,2.780
13.072585,0.3716,-2.0219,-1.0200,2.295
13.085743,0.3435,-1.4797,-1.0983,1.875
13.092183,0.4013,-0.9159,-1.0464,1.447
13.105250,0.5630,-0.4286,-0.9208,1.161
13.111984,0.7326,-0.0224,-0.9143,1.172
13.125276,0.9197,0.3266,-1.0556,1.438
13.140710,1.0617,0.7285,-1.2686,1.808
13.145231,1.2375,0.9986,-1.2985,2.053
13.154471,1.3477,0.9860,-1.0437,1.969
13.165869,1.2597,0.8154,-0.8240,1.712
13.172759,1.0770,0.6501,-0.6460,1.414
13.186428,0.9372,0.5931,-0.8547,1.400
13.192149,0.8944,0.6516,-0.8658,1.405
13.205712,0.7866,0.8519,-0.7977,1.407
13.213543,0.6143,1.2299,-1.0059,1.703
13.226879,0.5829,1.4740,-1.1084,1.934
13.231817,0.6181,1.4191,-1.1215,1.911
13.245116,0.6248,1.2234,-1.0515,1.730
13.252817,0.7005,0.9498,-0.6275,1.337
13.266012,0.7202,1.1331,0.2732,1.370
13.272557,0.5188,2.1810,0.1787,2.249
13.285993,0.0064,3.6040,-0.8667,3.707
13.292061,-0.8738,4.6769,-1.0536,4.873
13.305969,-1.9538,4.9454,0.3692,5.330
13.312828,-2.8046,4.6371,1.4584,5.612
13.325129,-2.6977,3.9135,1.9717,5.146
13.331865,-2.0920,3.0765,1.8590,4.159
13.343113,-1.3334,2.2652,1.2289,2.902
13.351481,-0.5654,1.6132,0.7982,1.887
13.363388,-0.0604,1.0528,0.7116,1.272
13.373014,0.2399,0.8406,0.6457,1.087
13.383319,0.1291,0.9003,0.6239,1.103
13.392395,-0.0558,1.1485,0.6795,1.336
13.404310,-0.1665,1.5780,0.6011,1.697
13.412353,-0.1638,1.9733,0.5875,2.065
13.423057,-0.0332,2.3343,0.7872,2.464
13.431641,0.3936,2.3905,0.9292,2.595
13.445117,1.0547,1.8309,0.7700,2.249
13.451925,1.3239,0.6892,0.5486,1.590
13.463933,1.3165,-0.6676,0.3777,1.524
13.473327,1.2699,-1.9571,0.2712,2.349
13.483488,1.1272,-3.0761,0.2496,3.286
13.491966,0.9159,-3.9792,0.2851,4.093
13.503692,0.4597,-4.6090,0.2519,4.639
13.511710,-0.2044,-4.9799,0.2453,4.990
13.522553,-0.8365,-5.1806,0.5107,5.273
13.531435,-1.3854,-5.1343,0.6313,5.355
13.542947,-1.7283,-4.8694,0.3293,5.178
13.552581,-1.5781,-4.6018,0.3038,4.874
13.563950,-1.1328,-4.3075,0.6317,4.499
13.572024,-0.7900,-3.9575,0.2537,4.044
13.582974,-0.6496,-3.6860,0.0123,3.743
13.592047,-0.7566,-3.4549,-0.1772,3.541
13.602681,-1.0850,-3.2334,-0.3585,3.429
13.612726,-1.3757,-3.0361,-0.2983,3.347
13.622990,-1.5191,-2.8149,-0.4030,3.224
13.632096,-1.6628,-2.4691,-0.4268,3.007
13.642815,-1.6634,-1.9172,-0.5644,2.600
13.660564,-1.4187,-1.1638,-0.8165,2.008
13.662362,-1.0642,-0.4341,-0.9073,1.464
13.671657,-0.7627,0.2887,-0.9090,1.221
13.683456,-0.7061,0.8990,-0.7842,1.386
13.691758,-0.3055,1.5332,-0.6275,1.685
13.703364,0.0309,1.7340,-0.4275,1.786
13.711760,-0.4273,1.8175,-0.2069,1.878
13.723192,-0.6920,1.7072,-0.3044,1.867
13.732306,-0.7945,1.6307,-0.8773,2.015
13.742987,-0.8986,1.7507,-1.7597,2.640
13.754360,-0.7737,1.6839,-1.7732,2.565
13.761919,-0.4519,1.8447,-0.8639,2.087
13.772210,-0.4792,2.5689,-0.8563,2.750
13.782844,-0.6710,3.2553,-1.2367,3.546
13.791318,-0.8128,3.4847,-1.1393,3.755
13.802286,-0.6466,3.4130,-0.8518,3.577
13.812238,-0.1541,3.3090,-0.5896,3.365
13.823555,0.4497,3.3313,-0.3807,3.383
13.831757,1.2096,3.6070,-0.3935,3.825
13.842310,1.7097,3.7935,-0.3266,4.174
13.856995,1.8084,3.9861,0.3623,4.392
13.863045,1.3661,3.7723,1.3885,4.245
13.871045,0.2604,3.1466,1.5496,3.517
13.882532,-0.2318,2.3664,2.2345,3.263
13.891393,-0.1594,1.4066,2.8179,3.154
13.903452,-0.0602,0.4538,2.3046,2.350
13.912480,-0.0357,-0.4254,1.5058,1.565
13.923009,0.1156,-1.0153,1.1388,1.530
13.931495,0.3658,-0.9076,1.0803,1.458
13.942888,0.7289,-0.1849,1.1099,1.341
13.956976,0.9428,0.8011,1.2523,1.760
13.961635,0.9303,1.9236,1.4818,2.600
13.971386,0.8462,2.8800,1.6858,3.443
13.981191,0.8788,3.2642,1.5750,3.729
13.991665,0.7032,2.7834,1.4598,3.221
14.001063,0.4926,1.5768,1.2311,2.060
14.010699,0.5423,0.1910,0.9325,1.096
14.025930,0.6503,-1.0865,0.6494,1.423
14.030646,0.5533,-2.2293,0.5177,2.355
14.041398,0.2885,-3.1512,0.4980,3.203
14.051398,-0.0564,-3.8523,0.4918,3.884
14.061941,-0.4216,-4.2992,0.4777,4.346
14.070887,-0.5654,-4.3817,0.4263,4.439
14.082081,-0.6118,-4.3659,0.4592,4.432
14.090779,-0.6974,-4.2543,0.4327,4.333
14.103982,-0.7858,-4.0468,0.3535,4.138
14.111647,-0.7423,-3.8059,0.2857,3.888
14.122622,-0.4236,-3.6203,0.1860,3.650
14.131602,-0.1411,-3.4132,-0.0604,3.417
14.141583,0.1227,-3.1487,-0.2353,3.160
14.150454,0.3253,-2.8603,-0.4824,2.919
14.161922,0.4362,-2.5025,-0.5263,2.594
14.170382,0.5328,-2.1087,-0.6280,2.264
14.182466,0.4872,-1.6982,-1.0203,2.040
14.190889,0.3175,-1.2612,-1.0141,1.649
14.202977,0.2723,-0.8840,-0.5104,1.056
14.210715,0.2441,-0.3796,-0.7927,0.912
14.221721,0.3405,-0.0234,-0.6864,0.767
14.230873,0.5669,0.2969,-0.5631,0.852
14.241416,0.6864,0.5285,-0.7084,1.119
14.250153,0.8007,0.4488,-0.6171,1.106
14.261652,0.7822,0.2784,-0.6156,1.034
14.271479,0.6370,0.2665,-0.7813,1.043
14.282076,0.5736,0.4205,-1.0239,1.247
14.290151,0.5679,0.6849,-1.1029,1.417
14.301184,0.5626,0.9879,-1.0596,1.554
14.310892,0.6391,1.3584,-0.9528,1.778
14.323461,0.7459,1.6911,-1.0109,2.107
14.330209,0.8937,1.7873,-1.1100,2.286
14.340571,1.0544,1.5824,-1.1188,2.206
14.350707,1.2410,1.1702,-0.9270,1.941
14.361628,1.1252,0.8961,-0.2275,1.456
14.370012,0.7641,1.2782,0.5700,1.595
14.380971,0.1710,2.5466,-0.2589,2.565
14.390525,-0.7666,3.7200,-1.6249,4.131
14.401700,-1.7021,4.2094,-1.0401,4.658
14.411141,-2.5532,4.3712,0.3802,5.076
14.425585,-2.8197,4.1078,1.0818,5.098
14.430078,-2.2987,3.7095,1.5699,4.638
14.444056,-1.6719,3.1667,1.5507,3.902
14.450755,-1.2072,2.4837,1.0458,2.953
14.463055,-0.7778,1.7129,1.2227,2.244
14.470512,-0.4711,1.1226,1.2729,1.761
14.480631,-0.4779,0.8973,0.8040,1.296
14.490299,-0.6243,0.8092,0.6679,1.221
14.501491,-0.6890,0.6643,0.9996,1.384
14.511408,-0.6713,0.7844,1.0316,1.459
14.525148,-0.5562,1.1121,1.0317,1.616
14.530035,-0.4073,1.3048,1.1665,1.797
14.541246,-0.2737,1.1638,1.0754,1.608
14.550691,-0.1504,0.7180,0.9308,1.185
14.561927,-0.1474,0.0922,0.9475,0.963
14.570164,-0.1348,-0.6579,1.0524,1.248
14.581457,-0.0280,-1.4002,0.9184,1.675
14.590735,0.0216,-2.1008,0.7248,2.222
14.601452,-0.0232,-2.6569,0.5819,2.720
14.611152,-0.2136,-3.0085,0.5201,3.061
14.624947,-0.4948,-3.1822,0.5021,3.259
14.629803,-0.8486,-3.2622,0.5474,3.415
14.646102,-1.1552,-3.2772,0.6002,3.526
14.651454,-1.1389,-3.2227,0.5937,3.469
14.660771,-0.8851,-3.1559,0.6049,3.333
14.671487,-0.5922,-3.1081,0.4929,3.202
14.682413,-0.3334,-3.0864,0.3219,3.121
14.689876,-0.2276,-3.0096,0.1146,3.020
14.701377,-0.3581,-2.8490,0.0018,2.871
14.709652,-0.4307,-2.7318,-0.0150,2.766
14.727186,-0.5134,-2.4590,-0.0196,2.512
14.730078,-0.7337,-2.0833,-0.0215,2.209
14.745647,-0.9181,-1.7414,-0.0880,1.971
14.750672,-0.9622,-1.5242,-0.0699,1.804
14.760090,-0.9502,-1.3476,-0.0283,1.649
14.769483,-0.9185,-1.2258,-0.1360,1.538
14.781842,-0.8409,-1.1492,-0.2282,1.442
14.789965,-0.7908,-1.1608,0.0694,1.406
14.801365,-0.7486,-1.1382,0.3652,1.410
14.809807,-0.7959,-0.9330,-0.0986,1.230
14.825367,-0.8103,-0.6818,-0.1375,1.068
14.829674,-0.8165,-0.3582,-0.0971,0.897
14.843111,-1.0096,0.1577,-0.5961,1.183
14.850631,-1.1195,0.6572,-0.4984,1.391
14.860199,-1.2219,1.1450,-0.2188,1.689
14.871752,-1.4178,1.5754,0.1578,2.125
14.881393,-1.5707,1.8816,0.3524,2.476
14.889600,-1.6070,1.9558,0.3815,2.560
14.900727,-1.4948,1.8968,0.3102,2.435
14.909647,-0.9930,1.7525,-0.0011,2.014
14.926226,-0.1846,1.6502,-0.2359,1.677
14.929120,0.7677,1.7290,-0.0901,1.894
14.942456,1.6643,2.4058,-0.3439,2.945
14.948975,2.0928,3.5655,-1.0287,4.260
14.961991,1.9391,4.4192,-0.4035,4.843
14.970145,1.5087,5.1220,0.6169,5.375
14.981358,0.1984,5.3287,1.3578,5.503
14.989044,-0.8057,4.8308,1.9299,5.264
15.001517,-0.4901,3.6486,1.9855,4.183
15.009298,0.2239,1.9611,1.7523,2.639
15.020420,0.8183,0.2108,1.4860,1.709
15.028930,1.0537,-1.1900,1.2430,2.018
15.045647,0.7929,-1.6038,1.2000,2.154
15.050510,0.5520,-1.1904,1.1948,1.775
15.061370,0.5028,-0.2246,1.2265,1.344
15.069180,0.4739,0.7815,1.2165,1.522
15.080253,0.2817,2.0030,0.8980,2.213
15.088755,0.3259,2.9920,0.9466,3.155
15.100657,0.5283,3.4947,1.0378,3.684
15.109526,0.9722,3.3030,0.8817,3.554
15.120530,1.2835,2.4245,0.8178,2.863
15.129978,1.3436,1.1252,0.7708,1.915
15.145134,1.1620,-0.1925,0.7002,1.370
15.150356,0.8043,-1.3968,0.6919,1.754
15.160633,0.3216,-2.3610,0.6705,2.475
15.169210,-0.1461,-3.0396,0.5079,3.085
15.180018,-0.4497,-3.4570,0.4009,3.509
15.189183,-0.6467,-3.7474,0.4608,3.831
15.201220,-0.7824,-3.8318,0.5517,3.950
15.209482,-0.7504,-3.7483,0.5030,3.856
15.226147,-0.7198,-3.5950,0.4164,3.690
15.229500,-0.4984,-3.4391,0.3464,3.492
15.242658,0.0264,-3.4292,0.1107,3.431
15.250103,0.3810,-3.3258,-0.0500,3.348
15.259315,0.7201,-3.2870,-0.1101,3.367
15.269475,0.9559,-3.3010,-0.1925,3.442
15.280296,0.9679,-3.1592,-0.3746,3.325
15.289508,0.9107,-2.9673,-0.4392,3.135
15.300605,0.8783,-2.6870,-0.3148,2.844
15.308617,0.9022,-2.2558,-0.1153,2.432
15.320297,0.9518,-1.7528,0.0627,1.996
15.329509,0.9147,-1.2113,-0.0214,1.518
15.343359,1.0863,-0.8303,-0.2651,1.393
15.351055,1.3375,-0.6771,-0.3247,1.534
15.359502,1.4884,-0.6509,-0.3741,1.667
15.369287,1.5069,-0.6458,-0.3608,1.679
15.379873,1.5313,-0.5036,-0.3662,1.653
15.388540,1.5286,-0.1091,-0.3440,1.571
15.400034,1.4454,0.4394,-0.3248,1.545
15.408474,1.2069,1.0989,-0.5007,1.707
15.419672,0.8216,1.7063,-0.4065,1.937
15.428366,0.8141,2.0148,-0.2783,2.191
15.443974,0.7754,2.2686,-0.6986,2.497
15.451186,0.5938,2.1036,-0.9497,2.383
15.459543,0.7487,1.3235,0.1238,1.526
15.468958,0.9696,1.0934,1.1716,1.873
15.479127,0.7097,1.9122,0.4882,2.097
15.489623,0.1748,2.8250,-0.9358,2.981
15.499938,-0.6791,3.6517,-0.3059,3.727
15.508683,-1.6341,4.0708,1.3861,4.600
15.520408,-2.4148,4.1629,2.3566,5.359
15.528413,-2.0636,3.7017,3.5510,5.529
15.544902,-1.0495,2.9269,4.2949,5.302
15.548292,0.0098,2.2841,3.3245,4.034
15.559534,1.1778,1.9184,2.3213,3.234
15.569048,2.0722,1.7332,1.8348,3.266
15.579155,2.1198,1.8534,2.0322,3.472
15.589613,1.6084,2.3324,2.6875,3.905
15.600244,0.9485,3.3168,2.9221,4.521
15.608095,0.6968,4.2428,3.1323,5.320
15.619611,1.1689,4.5564,3.3763,5.790
15.628530,1.9311,4.0398,3.2577,5.537
15.642670,2.3867,2.8923,3.0994,4.865
15.648499,2.4722,1.6892,3.0418,4.268
15.658227,2.1956,0.8093,3.0811,3.869
15.668317,1.7311,0.2621,3.1761,3.627
15.678747,1.1842,0.0142,3.2848,3.492
15.689316,0.6055,-0.0327,3.2857,3.341
15.699047,0.1440,-0.0150,3.3002,3.303
15.707930,0.0545,-0.0020,3.0680,3.068
15.719321,0.1580,0.0254,2.7557,2.760
15.727903,0.5537,-0.1123,2.8008,2.857
15.743099,0.9579,-0.2926,2.5994,2.786
15.748390,1.3477,-0.5970,2.4026,2.819
15.758406,1.7533,-1.0207,2.6242,3.317
15.768935,1.8919,-1.3718,2.8993,3.724
15.778854,1.7234,-1.6624,3.2097,4.004
15.788386,1.3105,-1.9430,3.4732,4.190
15.799757,0.9009,-2.2327,3.6259,4.352
15.808250,0.6318,-2.6036,3.8030,4.652
15.819476,0.4575,-2.9862,3.8050,4.858
15.827821,0.2128,-3.2419,3.4079,4.708
15.843831,-0.1410,-3.2270,2.8839,4.330
15.847407,-0.4438,-3.1240,2.5793,4.075
15.858632,-0.5862,-2.9689,2.4495,3.893
15.868363,-0.6316,-2.6827,2.4167,3.665
15.878512,-0.3682,-2.4376,2.4044,3.444
15.888662,0.1277,-2.1331,1.9837,2.916
15.899150,0.8001,-1.7525,1.3270,2.339
15.907863,1.2964,-1.3268,0.9925,2.104
15.919072,1.6654,-1.0208,0.9402,2.168
15.929126,1.9257,-0.8007,1.0825,2.350
15.943034,1.8730,-0.4316,1.3319,2.338
15.947367,1.6807,0.0098,1.2632,2.102
15.958882,1.4650,0.5017,0.9762,1.831
15.968379,1.2690,1.0202,0.5764,1.727
15.978848,1.1222,1.4360,0.2255,1.836
15.988080,0.9718,1.7588,0.0875,2.011
15.999445,0.8679,2.0103,0.0591,2.190
16.007795,0.8274,2.3030,-0.0451,2.448
16.020117,0.8588,2.5506,-0.2066,2.699
16.033301,0.9752,2.6570,-0.3382,2.850
16.038569,1.1380,2.6269,-0.4606,2.900
16.047643,1.2647,2.4245,-0.6435,2.809
16.058092,1.2059,1.9419,-0.5561,2.353
16.068217,1.1306,1.3734,-0.5407,1.859
16.078674,0.9864,0.7836,-0.8124,1.499
16.088157,0.8242,0.1727,-0.6277,1.050
16.098858,0.6463,-0.2200,-0.4294,0.806
16.107324,0.3396,-0.2388,-0.8362,0.934
16.118978,0.1810,-0.3508,-1.0636,1.135
16.128195,0.1431,-0.4410,-1.2001,1.287
16.138538,0.1267,-0.3704,-1.2430,1.303
16.147320,0.2574,-0.4122,-1.1979,1.293
16.158407,0.4006,-0.4587,-1.1235,1.278
16.168015,0.4902,-0.5338,-1.0433,1.270
16.177721,0.4301,-0.6351,-1.0708,1.317
16.187864,0.3372,-0.7961,-1.1564,1.444
16.199044,0.2959,-0.8850,-1.1522,1.483
16.207000,0.2997,-0.9522,-1.2186,1.575
16.219158,0.3508,-0.9427,-1.2278,1.587
16.228401,0.3894,-0.8423,-1.2673,1.571
16.238076,0.4364,-0.7132,-1.3527,1.590
16.249062,0.4884,-0.5844,-1.3587,1.558
16.258545,0.5419,-0.4462,-1.4428,1.605
16.267388,0.6088,-0.3300,-1.4823,1.636
16.277797,0.5849,-0.2261,-1.4797,1.607
16.287995,0.4423,-0.1610,-1.5236,1.595
16.298869,0.2763,-0.1082,-1.5305,1.559
16.308128,0.1695,-0.1132,-1.5268,1.540
16.317763,0.2306,-0.1545,-1.6105,1.634
16.327385,0.3752,-0.1386,-1.8364,1.879
16.338507,0.5840,-0.1422,-1.9941,2.083
16.347003,0.7950,-0.0718,-2.2779,2.414
16.364288,1.0276,-0.0280,-2.1673,2.399
16.366559,1.1935,0.0945,-2.1599,2.470
16.377286,1.1755,0.2695,-2.4632,2.743
16.387424,1.0766,0.3367,-2.4190,2.669
16.397869,0.9715,0.3131,-2.2849,2.502
16.408013,0.8912,0.2033,-2.4269,2.593
16.418047,0.8941,0.0793,-2.5123,2.668
16.427339,1.0332,-0.0517,-2.4859,2.693
16.438392,1.2284,-0.1203,-2.5122,2.799
16.446787,1.3863,-0.0882,-2.5352,2.891
16.462089,1.4431,-0.0106,-2.5191,2.903
16.467039,1.3421,0.0575,-2.4213,2.769
16.477913,1.1378,0.1234,-2.3094,2.577
16.487335,0.9132,0.2156,-2.2458,2.434
16.497697,0.8508,0.3151,-2.1339,2.319
16.507915,0.9357,0.4720,-2.0435,2.297
16.517601,1.1194,0.6216,-2.1498,2.502
16.527108,1.2460,0.6776,-2.1857,2.606
16.538272,1.2621,0.6857,-2.0470,2.501
16.547202,1.2264,0.5884,-1.8832,2.323
16.560818,1.0830,0.4482,-1.6191,1.999
16.567197,0.9738,0.3058,-1.0002,1.429
16.578485,0.9355,0.6144,-0.4595,1.210
16.587103,0.8198,1.3284,-0.3817,1.607
16.597556,0.2558,2.2875,-0.2065,2.311
16.608542,-0.9250,2.7722,0.6029,2.984
16.618244,-2.4309,2.8278,1.2010,3.918
16.627928,-3.2035,2.6221,1.1125,4.287
16.637998,-2.7312,2.4859,0.9090,3.803
16.647493,-1.5658,2.0983,0.5769,2.681
16.659051,-0.1533,1.2795,0.6501,1.443
16.666309,0.8330,0.5015,0.7219,1.211
16.677672,1.3251,-0.0658,0.4801,1.411
16.687024,1.2156,-0.4128,0.1132,1.289
16.698018,0.8149,-0.6858,0.0922,1.069
16.706208,0.2870,-0.6669,0.2714,0.775
16.718233,-0.3722,-0.5165,-0.2065,0.669
16.728596,-0.6763,-0.5053,-0.2631,0.884
16.736622,-0.7725,-0.5206,0.1016,0.937
16.746924,-0.8273,-0.3633,-0.2625,0.941
16.758523,-0.6340,-0.3664,-0.2995,0.791
16.766266,-0.2935,-0.5659,-0.2665,0.691
16.776316,-0.1148,-0.8707,-0.3658,0.951
16.786735,-0.0518,-1.3145,-0.3880,1.372
16.797892,-0.0402,-1.8396,-0.3621,1.875
16.806844,-0.0800,-2.4389,-0.3212,2.461
16.818260,-0.1984,-2.9615,-0.3022,2.983
16.829703,-0.3102,-3.3689,-0.2582,3.393
16.837377,-0.4451,-3.5366,-0.3467,3.581
16.847432,-0.7572,-3.4480,-0.4054,3.553
16.856698,-1.1564,-3.1532,-0.5164,3.398
16.867028,-1.3276,-2.7936,-0.7015,3.172
16.876705,-1.2084,-2.4939,-0.8081,2.887
16.886280,-1.0732,-2.0983,-0.9106,2.527
16.897209,-1.0265,-1.6786,-0.9534,2.186
16.907056,-0.9338,-1.4073,-0.9572,1.941
16.917568,-1.0250,-1.1696,-1.0093,1.854
16.929559,-1.1493,-1.0204,-1.1731,1.933
16.936457,-1.1521,-0.9886,-1.3373,2.023
16.947012,-1.1012,-0.9809,-1.5366,2.130
16.956427,-1.0280,-0.9878,-1.5839,2.131
16.966181,-1.0284,-0.9253,-1.4790,2.025
16.978185,-0.9375,-0.7888,-1.3308,1.809
16.985837,-0.9812,-0.3745,-1.5068,1.837
16.996561,-0.7949,-0.1376,-1.3409,1.565
17.005984,-0.6846,0.0730,-1.2563,1.433
17.017973,-0.6550,0.2429,-1.6875,1.826
17.030083,-0.6917,0.3268,-1.7079,1.871
17.036236,-0.7076,0.4849,-1.6487,1.859
17.047854,-0.8433,0.8227,-2.1726,2.471
17.058601,-0.9469,1.2370,-2.4338,2.890
17.066127,-1.1368,1.6800,-2.5011,3.220
17.077883,-1.5184,2.1086,-2.4321,3.559
17.086896,-1.8429,2.6138,-2.1213,3.838
17.096773,-1.9418,3.2219,-1.8752,4.203
17.106408,-1.9190,3.6886,-1.7661,4.517
17.116359,-1.7125,3.8559,-2.0236,4.679
17.129917,-1.3137,3.6856,-2.2521,4.515
17.136387,-0.8044,3.2424,-2.0623,3.926
17.147757,-0.0404,2.8952,-1.7406,3.378
17.156776,0.8232,2.6945,-1.6613,3.271
17.166116,1.5151,2.5159,-1.3634,3.238
17.176079,1.7556,2.4722,-1.1053,3.227
17.186746,1.5806,2.6785,-0.2021,3.117
17.196367,0.9859,3.0628,1.1021,3.401
17.206382,0.1888,3.2558,1.8663,3.758
17.217073,-0.5613,3.0173,2.5047,3.961
17.230169,-1.1169,2.5119,3.1662,4.193
17.236218,-1.2604,1.9263,3.2400,3.975
17.248227,-0.8856,1.1694,2.3729,2.790
17.256711,-0.0806,0.2030,1.6935,1.708
17.265665,0.8302,-0.7668,1.7443,2.078
17.276248,1.6669,-1.3319,2.1659,3.040
17.286032,2.1367,-1.1731,2.0918,3.212
17.295923,2.0387,-0.6858,1.6444,2.708
17.306063,1.4937,-0.2438,1.3235,2.011
17.316672,0.7581,0.1720,1.1618,1.398
17.330473,0.1452,0.5087,0.9465,1.084
17.335610,-0.2432,0.5652,1.1021,1.262
17.353487,-0.3323,0.2934,1.3412,1.413
17.358696,-0.2606,-0.1819,0.8576,0.915
17.365659,0.0276,-0.8150,0.8540,1.181
17.376124,0.3954,-1.3522,1.0787,1.774
17.385697,0.5520,-1.6447,0.4832,1.801
17.396370,0.6843,-2.1071,0.4272,2.256
17.406070,0.5833,-2.4927,0.3296,2.581
17.416174,0.3831,-2.8256,0.1520,2.855
17.430809,0.1529,-3.2159,0.1294,3.222
17.435636,-0.1296,-3.4959,0.1098,3.500
17.449069,-0.4265,-3.6107,0.0092,3.636
17.456216,-0.6070,-3.5458,-0.0279,3.598
17.465855,-0.4667,-3.4474,-0.1101,3.481
17.476747,-0.2246,-3.1693,-0.3195,3.193
17.485791,0.0193,-2.7954,-0.5819,2.855
17.496889,0.2037,-2.3664,-0.7213,2.482
17.506171,0.2823,-1.8967,-0.8467,2.096
17.515338,0.3794,-1.5109,-0.9662,1.833
17.530619,0.2885,-1.2400,-1.0589,1.656
17.535755,0.2392,-1.0074,-1.0549,1.478
17.547797,0.3304,-0.8802,-1.1305,1.470
17.556182,0.4692,-0.7936,-1.2195,1.529
17.565528,0.6728,-0.7741,-1.2939,1.651
17.577189,0.8510,-0.6779,-1.3285,1.717
17.585646,0.9311,-0.5266,-1.4162,1.775
17.596695,0.8553,-0.3992,-1.3782,1.670
17.605702,0.8469,-0.2694,-1.2149,1.505
17.615592,0.7028,-0.1586,-1.4551,1.624
17.630747,0.6740,0.0242,-1.6995,1.828
17.635274,0.8693,0.0969,-1.3638,1.620
17.649119,0.9281,0.2344,-1.2638,1.585
17.656270,0.8664,0.4199,-1.3432,1.653
17.664549,0.7484,0.6150,-1.3382,1.652
17.677202,0.6548,0.7740,-1.4233,1.747
17.685900,0.5465,1.0122,-1.7420,2.088
17.696072,0.7703,1.0973,-2.1805,2.560
17.705466,1.0260,1.1564,-2.3321,2.798
17.715519,1.3560,1.2090,-2.0938,2.772
17.731406,1.4801,1.4110,-1.5772,2.583
17.734783,1.2326,1.7101,-0.8754,2.283
17.749240,0.7859,2.2308,-0.2828,2.382
17.754244,0.0480,2.9396,-0.5224,2.986
17.764818,-1.0030,3.6581,-0.8484,3.887
17.777821,-1.9880,3.5729,0.6395,4.138
17.786557,-2.9365,3.0572,2.0518,4.710
17.796689,-3.1003,2.3727,2.3251,4.544
17.805878,-2.6141,1.9512,2.1201,3.890
17.815193,-1.9516,1.4837,1.7065,2.987
17.825863,-1.4338,1.1904,1.3216,2.285
17.835484,-1.1986,1.2508,1.4401,2.253
17.853886,-1.3244,1.7799,1.4006,2.624
17.854576,-1.5634,2.4207,1.1890,3.117
17.865337,-1.7032,3.0751,1.0923,3.681
17.877424,-1.7469,3.6234,0.9328,4.129
17.885979,-1.5363,3.7111,0.8543,4.106
17.896337,-0.9416,3.3073,0.8848,3.551
17.906277,-0.1728,2.6302,0.7504,2.741
17.915405,0.4698,1.6156,0.6281,1.796
17.925759,0.8550,0.4312,0.3226,1.010
17.937242,1.0325,-0.7911,-0.0098,1.301
17.958349,1.0521,-1.9292,-0.1267,2.201
17.959018,0.8363,-2.9427,-0.3116,3.075
17.966080,0.4114,-3.8292,-0.4047,3.872
17.975598,0.0345,-4.6821,-0.2114,4.687
17.985628,-0.3341,-5.3602,0.0128,5.371
17.994762,-0.7061,-5.7266,-0.1585,5.772
18.005684,-0.8891,-5.9396,-0.1182,6.007
18.017233,-0.9893,-5.9345,0.2593,6.022
18.025691,-1.0556,-5.5817,-0.1884,5.684
18.037780,-1.0326,-5.2121,-0.2965,5.322
18.051091,-1.2204,-4.8112,-0.1607,4.966
18.054899,-1.5720,-4.5181,-0.1936,4.788
18.065405,-1.5806,-4.0885,-0.3745,4.399
18.075750,-1.0995,-3.4792,-0.4006,3.671
18.085278,-0.6043,-2.8579,-0.4152,2.950
18.095679,-0.4509,-2.4043,-0.6286,2.526
18.106008,-0.6648,-2.1303,-0.8437,2.386
18.114977,-0.9878,-1.9472,-0.9747,2.391
18.125348,-1.1880,-1.7016,-1.0193,2.312
18.137910,-1.2427,-1.2161,-1.0527,2.033
18.157655,-1.3024,-0.5365,-1.1017,1.788
18.158311,-1.3544,0.2871,-1.2032,1.834
18.166380,-1.2648,1.1203,-1.2632,2.110
18.176232,-1.1122,1.8865,-0.8777,2.359
18.186309,-1.1044,2.7150,-0.3947,2.957
18.194923,-1.1508,3.3904,-0.5049,3.616
18.205857,-1.2884,3.8456,-1.0128,4.180
18.215781,-1.3483,4.0327,-1.3170,4.451
18.225482,-1.1691,4.0618,-1.0863,4.364
18.234200,-0.8612,3.9834,-1.0314,4.204
18.256642,-0.6908,3.7757,-1.6340,4.172
18.257378,-0.6795,3.5252,-2.0013,4.110
18.265677,-0.3338,2.9782,-2.1588,3.693
18.275012,0.1429,2.5230,-1.5936,2.988
18.285462,1.0873,2.1772,-1.0755,2.661
18.295055,1.9769,2.2718,-0.7634,3.107
18.305242,2.2793,2.3305,-0.4575,3.292
18.315247,1.9144,2.3239,0.6039,3.071
18.325244,1.3186,2.6851,2.0350,3.618
18.334552,0.3716,3.2814,2.3953,4.080
18.350541,-0.6715,3.3302,2.8981,4.465
18.354395,-1.4839,2.8495,4.4203,5.464
18.364716,-2.0222,2.6131,3.8522,5.075
18.376311,-1.8206,2.6165,1.9280,3.725
18.384726,-0.5410,1.9484,1.4399,2.482
18.394121,0.9346,0.9471,1.5710,2.059
18.405824,2.1005,0.4643,1.5626,2.659
18.415115,2.5825,0.4509,1.7494,3.152
18.425574,2.1635,0.6176,1.7233,2.834
18.434279,1.3954,0.9261,1.4172,2.194
18.454798,0.6740,1.1294,0.9776,1.639
18.455419,0.1696,1.0330,0.7249,1.273
18.464668,-0.1849,0.5745,0.7203,0.940
18.474569,-0.3746,-0.1383,0.6589,0.770
18.485491,-0.4172,-0.9587,0.5168,1.166
18.495454,-0.4276,-1.7980,0.3916,1.889
18.505598,-0.3463,-2.6870,0.4855,2.752
18.514587,-0.3617,-3.3238,0.4286,3.371
18.525217,-0.4977,-3.5934,0.2835,3.639
18.534635,-0.5783,-3.7761,0.2934,3.831
18.558136,-0.5172,-3.9729,0.2823,4.016
18.558829,-0.4988,-4.1166,0.1462,4.149
18.565877,-0.6595,-4.3753,0.0655,4.425
18.574654,-0.8721,-4.5528,-0.0027,4.636
18.586272,-0.9485,-4.6395,-0.1507,4.738
18.594061,-1.7433,-4.1133,-0.6381,4.513
18.606021,-1.6706,-4.3923,-1.2771,4.870
18.616172,-0.1269,-4.7822,-0.2402,4.790
18.625249,0.9776,-4.5377,-0.2069,4.646
18.633268,0.4297,-3.4691,-0.6424,3.554
18.654184,-0.1008,-2.3550,-0.5573,2.422
18.654830,0.0280,-1.6242,-0.8109,1.816
18.664459,0.4722,-1.3174,-0.7831,1.604
18.674642,0.7476,-0.9746,-0.8413,1.489
18.684893,0.4932,-0.2747,-0.2890,0.634
18.695826,0.2684,0.3443,-0.4268,0.611
18.705467,0.2642,0.6475,-0.8381,1.092
18.713184,0.4157,0.9581,-0.7383,1.279
18.725442,0.6607,1.4008,-0.5646,1.649
18.733664,0.8791,1.7434,-0.9138,2.156
18.755247,1.0257,1.9404,-1.2568,2.529
18.755844,1.1187,2.1233,-1.4039,2.780
18.765736,1.1277,2.3568,-1.4896,3.007
18.774618,1.1237,2.3751,-1.6665,3.111
18.785327,1.0732,2.3292,-1.8517,3.163
18.794117,1.2765,2.0470,-1.8438,3.036
18.805616,1.4067,1.9120,-1.2367,2.677
18.814196,1.6048,2.2698,-0.2204,2.789
18.825987,1.3862,3.3003,0.4839,3.612
18.833772,0.4518,4.1958,-0.2616,4.228
18.849794,-1.2798,4.5925,-0.7898,4.833
18.853347,-3.1862,4.4267,0.0922,5.455
18.870837,-4.0927,3.7484,1.2835,5.696
18.873481,-3.7603,3.0541,1.6452,5.116
18.885105,-2.9328,2.5073,1.6142,4.183
18.893566,-1.7455,1.8805,1.2421,2.851
18.906445,-0.7200,1.4489,0.8195,1.814
18.912768,-0.5363,1.4330,0.9001,1.775
18.925778,-0.8978,1.6435,1.0871,2.165
18.934018,-1.5353,1.9443,1.0345,2.685
18.950051,-1.8204,2.2683,0.9396,3.056
18.952927,-1.8041,2.6638,1.1108,3.404
18.968892,-1.3423,2.9395,1.1135,3.418
18.976318,-0.4515,2.7437,0.9884,2.951
18.985199,0.3116,2.0620,0.8503,2.252
18.996342,0.6188,1.0620,0.6412,1.386
19.005812,0.5895,-0.0863,0.5148,0.787
19.013719,0.4987,-1.2917,0.5997,1.509
19.025400,0.5438,-2.5659,0.6950,2.713
19.033473,0.5552,-3.5926,0.5941,3.683
19.048590,0.3219,-4.3168,0.3894,4.346
19.052146,-0.0094,-4.8609,0.3123,4.871
19.064715,-0.2445,-5.3427,0.2853,5.356
19.072282,-0.5441,-5.6185,0.3550,5.656
19.082867,-0.8771,-5.7892,0.4774,5.875
19.092644,-1.0203,-5.9026,0.5040,6.011
19.102952,-1.3434,-5.7646,0.4977,5.940
19.114546,-1.5246,-5.5260,0.3247,5.742
19.122163,-1.5697,-5.2085,0.2439,5.445
19.136028,-1.6511,-4.6921,0.1403,4.976
19.141638,-1.6942,-3.9866,-0.0055,4.332
19.152747,-1.6889,-3.1565,-0.0932,3.581
19.164507,-1.5432,-2.4655,-0.2685,2.921
19.172845,-1.4621,-1.7578,-0.5264,2.346
19.182104,-1.4333,-1.0741,-0.5548,1.875
19.193041,-1.3023,-0.4981,-0.5446,1.497
19.201917,-1.1586,0.0683,-0.5858,1.300
19.212906,-1.1597,0.6971,-0.5977,1.479
19.221877,-1.2682,1.1223,-0.4899,1.763
19.232731,-1.4522,1.4515,-0.2811,2.072
19.242055,-1.4927,1.5820,0.0134,2.175
19.252319,-1.3491,1.6361,0.4052,2.159
19.265703,-1.2011,1.6787,-0.0226,2.064
19.272347,-0.9479,1.5948,-1.0796,2.147
19.283217,-0.7046,1.4131,-1.0817,1.914
19.293764,-0.6999,1.4399,-1.1187,1.953
19.301606,-0.6927,1.6229,-0.8360,1.953
19.315690,-0.7028,2.0603,-0.2259,2.189
19.321779,-0.9375,2.3759,-0.2860,2.570
19.331832,-1.2475,2.2559,-0.4732,2.621
19.342107,-1.0779,1.9521,-0.5362,2.293
19.351821,-0.3511,1.9441,-0.6183,2.070
19.365811,0.6127,2.4479,-0.6890,2.616
19.372341,1.3427,3.3295,-0.6504,3.648
19.380819,1.5347,4.1836,-0.4272,4.477
19.393237,1.3748,5.3115,0.7741,5.541
19.401799,0.7789,6.0635,2.0892,6.460
19.414369,-0.2111,5.4953,2.8568,6.197
19.421524,-0.5367,4.6005,2.8381,5.432
19.433980,-0.2660,3.5026,1.8948,3.991
19.442178,0.5369,1.7692,1.4628,2.358
19.453194,1.2680,-0.1257,1.4426,1.925
19.467640,1.4322,-1.2397,1.2256,2.256
19.472000,1.2084,-1.2700,1.1361,2.089
19.481637,1.1477,-0.7667,1.3156,1.907
19.492265,0.9509,-0.0862,1.3833,1.681
19.500838,0.4946,0.7404,1.1995,1.494
19.511580,0.1709,1.3825,1.1119,1.782
19.520807,0.1219,1.6197,1.0634,1.941
19.535296,0.1681,1.3828,0.7752,1.594
19.541157,0.3049,0.6121,0.6233,0.925
19.554287,0.5922,-0.5101,0.8996,1.192
19.561241,0.6566,-1.5333,0.8690,1.881
19.572218,0.4580,-2.5319,0.4570,2.613
19.581027,0.0822,-3.4486,0.3383,3.466
19.592203,-0.3752,-4.1594,0.4241,4.198
19.601545,-0.8201,-4.5923,0.3324,4.677
19.612417,-1.1303,-4.8720,0.2850,5.010
19.621723,-1.3167,-5.0200,0.3316,5.200
19.634310,-1.3340,-4.8949,0.2404,5.079
19.640945,-1.2191,-4.5182,-0.0077,4.680
19.655052,-0.8717,-4.1104,-0.1528,4.205
19.660762,-0.4000,-3.6021,-0.2305,3.632
19.671364,-0.3200,-2.6985,-0.3620,2.741
19.681811,-0.3831,-1.8812,-0.6141,2.016
19.693431,-0.0548,-1.3345,-0.9798,1.657
19.700704,0.3514,-0.6203,-0.9915,1.221
19.712119,0.6482,-0.2775,-0.8118,1.075
19.721556,0.8105,-0.4257,-0.7166,1.163
19.734509,1.0227,-0.6192,-0.8128,1.446
19.740799,1.1453,-0.6378,-0.8643,1.570
19.756644,1.0256,-0.7066,-0.8942,1.533
19.761330,0.6503,-0.7587,-0.9748,1.396
19.774156,0.3419,-0.8083,-1.1583,1.453
19.780522,0.2608,-0.8193,-1.2055,1.481
19.792950,0.5182,-0.9186,-1.0341,1.477
19.802935,0.9734,-0.7971,-1.0503,1.639
19.811875,0.6149,-0.4666,-1.1924,1.420
19.821911,-0.0262,0.0274,-1.7087,1.709
19.842328,-0.1764,0.7041,-2.7520,2.846
19.842908,0.1305,1.3157,-3.9258,4.142
19.854151,0.7887,1.9327,-4.7044,5.147
19.860943,1.5758,2.2548,-4.7122,5.456
19.871853,3.0120,2.3680,-3.6756,5.309
19.880325,3.4595,2.6697,-2.2646,4.922
19.891398,2.3321,3.2054,-2.1046,4.488
19.900293,0.1558,3.9707,-2.8962,4.917
19.911854,-1.8678,4.5556,-3.2156,5.881
19.921345,-3.0531,4.3082,-2.1452,5.699
19.946018,-2.8862,3.7386,1.1296,4.856
19.946688,-2.1137,3.1114,3.8035,5.349
19.952275,-1.0375,2.0065,5.3306,5.789
19.961617,-0.3962,1.8591,5.7502,6.056
19.971152,-0.3027,1.5727,4.1366,4.436
19.980468,-0.4627,0.9681,1.1942,1.605
19.991898,-1.2883,0.6619,-1.2927,1.941
20.002039,-2.3778,0.6035,-2.9571,3.842
20.011960,-3.0524,0.4714,-3.7611,4.867
20.020619,-3.4805,0.3719,-4.4109,5.631
20.035117,-3.2225,0.1381,-4.6537,5.662
20.041918,-2.1710,-0.3696,-4.7178,5.206
20.062521,-0.7483,-1.1050,-4.4904,4.684
20.062928,0.8962,-2.2579,-4.1420,4.802
20.071723,2.0157,-3.4272,-3.6604,5.404
20.081770,2.6568,-4.3355,-3.4252,6.131
20.091683,3.0245,-5.1501,-2.9123,6.645
20.100695,2.3542,-5.4536,-3.9441,7.130
20.111768,1.0942,-5.7118,-5.4135,7.945
20.120565,-1.5386,-4.6579,2.6720,5.586
20.142641,-0.1367,-4.5520,4.1070,6.132
20.143241,1.1155,-4.8558,10.0670,11.232
20.156662,0.4193,-4.2325,10.8584,11.662
20.161048,0.5291,-3.2033,5.9388,6.768
20.171137,-0.2595,-2.6638,6.0070,6.576
20.181798,-1.2940,-2.4505,5.7703,6.401
20.191118,-1.4930,-2.6350,4.9251,5.782
20.201316,-1.6869,-2.9474,3.7988,5.096
20.212084,-1.9100,-3.0087,2.3121,4.248
20.219922,-1.7746,-3.0999,0.2367,3.580
20.235793,-1.5884,-2.6525,-0.8379,3.203
20.239873,-1.7523,-1.3095,-1.1478,2.470
20.258795,-2.1448,-0.1270,-2.2038,3.078
20.259439,-2.2385,0.2212,-3.0542,3.793
20.270623,-1.8293,-0.0516,-3.1177,3.615
20.283134,-1.1947,-0.4019,-2.8001,3.071
20.290758,-0.8006,-0.4916,-2.7412,2.898
20.300214,-0.8228,-0.4463,-3.2938,3.424
20.311113,-0.6900,-0.1885,-3.8754,3.941
20.321319,0.0314,-0.1285,-3.8550,3.857
20.332530,0.7877,-0.2989,-3.0594,3.173
20.340260,0.9420,-0.3825,-1.9352,2.186
20.352750,0.3753,-0.3637,-0.6923,0.867
20.359601,-0.9909,-0.3339,1.0370,1.473
20.378511,-2.3605,-0.0815,2.7651,3.637
20.380399,-3.1376,0.1387,3.6837,4.841
20.390454,-3.4641,0.4005,3.7700,5.136
20.399839,-2.9632,0.6805,3.2454,4.447
20.411043,-2.0745,0.5975,1.9358,2.900
20.421369,-1.5127,0.5905,0.2659,1.646
20.432783,-0.0515,0.5002,-0.4690,0.688
20.440807,1.7479,0.0721,0.5121,1.823
20.454750,0.6581,-0.0561,1.7979,1.915
20.459643,-0.2614,0.3518,2.7664,2.801
20.470552,-0.7388,0.6315,3.6009,3.730
20.480841,-0.6792,0.3528,3.6564,3.736
20.491450,-0.3240,0.1365,3.0561,3.076
20.500213,0.1683,-0.2027,1.8719,1.890
20.510212,0.3202,-0.7133,1.7790,1.943
20.519545,0.3551,-1.1428,2.6398,2.898
20.531041,0.3453,-1.3375,3.1364,3.427
20.539814,-0.0988,-1.2598,2.8853,3.150
20.552276,-0.5284,-1.0604,1.9776,2.305
20.559883,-0.4046,-1.0505,0.7678,1.363
20.580454,-0.1615,-1.2024,-0.2801,1.245
20.581234,-0.0942,-1.3535,-0.8975,1.627
20.591361,-0.2898,-1.1353,-1.0409,1.567
20.599911,-0.8691,-0.5378,-0.6600,1.217
20.611214,-1.4679,0.2508,0.4392,1.553
20.619868,-1.4974,0.7074,2.1033,2.677
20.631313,-0.3047,-0.5381,2.9975,3.061
20.639726,1.1541,-2.3135,2.7836,3.799
20.653196,1.1242,-2.4723,2.3078,3.564
20.659642,0.3524,-2.0143,1.5798,2.584
20.677614,0.0816,-1.5118,0.5904,1.625
20.680025,0.4285,-1.3230,0.0564,1.392
20.690236,1.2099,-1.3774,-0.7409,1.977
20.699591,1.6628,-1.3723,-0.9776,2.367
20.710900,2.0274,-1.1687,-1.3273,2.690
20.719829,2.2407,-1.2408,-1.7651,3.111
20.730530,2.3449,-1.5828,-1.5440,3.223
20.739415,2.1176,-1.4476,-1.1749,2.821
20.753152,1.3497,-0.9237,-1.7351,2.384
20.759237,0.1905,-0.1402,-2.7163,2.727
20.781988,-0.1283,0.0389,-2.8456,2.849
20.782643,0.2614,-0.1288,-1.6938,1.719
20.790758,0.6048,-0.2077,-0.3242,0.717
20.802206,0.7967,-0.0344,0.7356,1.085
20.810623,0.6173,0.4283,0.9253,1.192
20.818944,0.2236,0.7694,1.1405,1.394
20.829745,0.1840,0.7880,1.9959,2.154
20.839995,0.4605,0.5332,2.4217,2.522
20.853881,0.6753,0.5694,2.5360,2.685
20.859020,0.8983,0.4492,1.6385,1.922
20.878147,0.5837,0.3242,-0.3524,0.755
20.878600,0.0698,1.0160,-1.4124,1.741
